0,0.00284591
0.0005,0.00771483
0.001,0.014094
0.0015,0.0211198
0.002,0.0277456
0.0025,0.0329522
0.003,0.0359567
0.0035,0.0363738
0.004,0.0342928
0.0045,0.0302541
0.005,0.0251283
0.0055,0.019925
0.006,0.0155693
0.0065,0.012698
0.007,0.0115168
0.0075,0.0117515
0.008,0.0127031
0.0085,0.0133976
0.009,0.0127958
0.0095,0.0100223
0.01,0.00456035
0.0105,-0.00362534
0.011,-0.0140662
0.0115,-0.0258725
0.012,-0.0379023
0.0125,-0.0489826
0.013,-0.0581336
0.0135,-0.0647496
0.014,-0.068699
0.0145,-0.0703221
0.015,-0.0703288
0.0155,-0.0696205
0.016,-0.0690732
0.0165,-0.069331
0.017,-0.0706536
0.0175,-0.0728492
0.018,-0.0753066
0.0185,-0.0771181
0.019,-0.0772635
0.0195,-0.0748151
0.02,-0.0691179
0.0205,-0.0599052
0.021,-0.0473269
0.0215,-0.0318865
0.022,-0.0143027
0.0225,0.00466745
0.023,0.0244029
0.0235,0.044544
0.024,0.0650388
0.0245,0.0860935
0.025,0.108036
0.0255,0.13112
0.026,0.155311
0.0265,0.180105
0.027,0.204431
0.0275,0.22665
0.028,0.244681
0.0285,0.256226
0.029,0.259063
0.0295,0.251358
0.03,0.231938
0.0305,0.200485
0.031,0.157612
0.0315,0.104818
0.032,0.0443288
0.0325,-0.021136
0.033,-0.0886282
0.0335,-0.155222
0.034,-0.218207
0.0345,-0.275205
0.035,-0.3242
0.0355,-0.363503
0.036,-0.391688
0.0365,-0.407522
0.037,-0.40994
0.0375,-0.398085
0.038,-0.371412
0.0385,-0.329847
0.039,-0.273967
0.0395,-0.205161
0.04,-0.125716
0.0405,-0.038807
0.041,0.0516359
0.0415,0.141179
0.042,0.225227
0.0425,0.299403
0.043,0.359928
0.0435,0.403928
0.044,0.42963
0.0445,0.436431
0.045,0.424831
0.0455,0.396254
0.046,0.352801
0.0465,0.296986
0.047,0.2315
0.0475,0.159036
0.048,0.0822037
0.0485,0.00352435
0.049,-0.0745241
0.0495,-0.149436
0.05,-0.218629
0.0505,-0.281369
0.051,-0.333001
0.0515,-0.370378
0.052,-0.391119
0.0525,-0.393883
0.053,-0.378546
0.0535,-0.346197
0.054,-0.299001
0.0545,-0.239918
0.055,-0.172355
0.0555,-0.0998044
0.056,-0.025537
0.0565,0.0476068
0.057,0.117298
0.0575,0.181676
0.058,0.239221
0.0585,0.288575
0.059,0.328391
0.0595,0.357246
0.06,0.373659
0.0605,0.376219
0.061,0.363806
0.0615,0.335858
0.062,0.292626
0.0625,0.235353
0.063,0.166335
0.0635,0.0888294
0.064,0.0068219
0.0645,-0.0753239
0.065,-0.153272
0.0655,-0.223112
0.066,-0.281686
0.0665,-0.326787
0.067,-0.35722
0.0675,-0.372708
0.068,-0.3737
0.0685,-0.361119
0.069,-0.33611
0.0695,-0.299863
0.07,-0.253516
0.0705,-0.198187
0.071,-0.135089
0.0715,-0.0657033
0.072,0.00804828
0.0725,0.0836896
0.073,0.158182
0.0735,0.228045
0.074,0.289601
0.0745,0.339308
0.075,0.37414
0.0755,0.391926
0.076,0.391609
0.0765,0.37336
0.077,0.338536
0.0775,0.289495
0.078,0.229287
0.0785,0.161299
0.079,0.0889105
0.0795,0.015216
0.08,-0.057137
0.0805,-0.125985
0.081,-0.18957
0.0815,-0.246391
0.082,-0.295032
0.0825,-0.334024
0.083,-0.361806
0.0835,-0.376776
0.084,-0.377468
0.0845,-0.362794
0.085,-0.332323
0.0855,-0.286518
0.086,-0.226887
0.0865,-0.155996
0.087,-0.0773254
0.0875,0.00499883
0.088,0.0865851
0.0885,0.163186
0.089,0.231076
0.0895,0.287345
0.09,0.330051
0.0905,0.358227
0.091,0.371757
0.0915,0.371155
0.092,0.357319
0.0925,0.331298
0.093,0.294148
0.0935,0.246883
0.094,0.190543
0.0945,0.12634
0.095,0.0558394
0.0955,-0.0188791
0.096,-0.09514
0.0965,-0.169706
0.097,-0.238943
0.0975,-0.299107
0.098,-0.346699
0.0985,-0.378842
0.099,-0.393605
0.0995,-0.390222
0.1,-0.369158
0.1005,-0.332018
0.101,-0.281318
0.1015,-0.220164
0.102,-0.151891
0.1025,-0.0797397
0.103,-0.00662302
0.1035,0.0649972
0.104,0.133101
0.1045,0.196002
0.105,0.252188
0.1055,0.300154
0.106,0.3383
0.1065,0.364924
0.107,0.378323
0.1075,0.377
0.108,0.359937
0.1085,0.326863
0.109,0.27848
0.1095,0.216568
0.11,0.143955
0.1105,0.0643246
0.111,-0.0180917
0.1115,-0.0989113
0.112,-0.174008
0.1125,-0.239865
0.113,-0.29383
0.1135,-0.334212
0.114,-0.360252
0.1145,-0.371962
0.115,-0.369889
0.1155,-0.354876
0.116,-0.32786
0.1165,-0.289761
0.117,-0.241483
0.1175,-0.184017
0.118,-0.118604
0.1185,-0.0469253
0.119,0.0287599
0.1195,0.105568
0.12,0.180069
0.1205,0.2485
0.121,0.307082
0.1215,0.352393
0.122,0.38174
0.1225,0.393453
0.123,0.387062
0.1235,0.363316
0.124,0.324039
0.1245,0.271878
0.125,0.209954
0.1255,0.141521
0.126,0.0696663
0.1265,-0.00288393
0.127,-0.0738387
0.1275,-0.141296
0.128,-0.203609
0.1285,-0.259221
0.129,-0.306519
0.1295,-0.343761
0.13,-0.369108
0.1305,-0.380779
0.131,-0.37728
0.1315,-0.357692
0.132,-0.321939
0.1325,-0.27098
0.133,-0.206872
0.1335,-0.132692
0.134,-0.0523008
0.1345,0.0300003
0.135,0.109874
0.1355,0.183346
0.136,0.247127
0.1365,0.298819
0.137,0.336976
0.1375,0.361018
0.138,0.371049
0.1385,0.367618
0.139,0.351491
0.1395,0.323479
0.14,0.284374
0.1405,0.234988
0.141,0.17629
0.1415,0.109586
0.142,0.0367011
0.1425,-0.0399082
0.143,-0.117146
0.1435,-0.191406
0.144,-0.258821
0.1445,-0.315613
0.145,-0.358474
0.1455,-0.384921
0.146,-0.393566
0.1465,-0.384235
0.147,-0.357941
0.1475,-0.316706
0.148,-0.263263
0.1485,-0.200721
0.149,-0.132224
0.1495,-0.0606924
0.15,0.0113308
0.1505,0.0817076
0.151,0.148625
0.1515,0.210444
0.152,0.265537
0.1525,0.312161
0.153,0.348427
0.1535,0.372377
0.154,0.382172
0.1545,0.376355
0.155,0.354144
0.1555,0.315681
0.156,0.262195
0.1565,0.196022
0.157,0.120467
0.1575,0.0395372
0.158,-0.0424306
0.1585,-0.121181
0.159,-0.192919
0.1595,-0.254594
0.16,-0.304063
0.1605,-0.340099
0.161,-0.362275
0.1615,-0.370753
0.162,-0.366055
0.1625,-0.348845
0.163,-0.319805
0.1635,-0.279608
0.164,-0.228997
0.1645,-0.168952
0.165,-0.100874
0.1655,-0.0267589
0.166,0.0507257
0.1665,0.128276
0.167,0.202124
0.1675,0.26833
0.168,0.323154
0.1685,0.363433
0.169,0.386926
0.1695,0.39253
0.17,0.380366
0.1705,0.351691
0.171,0.308688
0.1715,0.254148
0.172,0.191128
0.1725,0.122645
0.173,0.0514437
0.1735,-0.0201062
0.174,-0.0899973
0.1745,-0.156475
0.175,-0.217875
0.1755,-0.272471
0.176,-0.318379
0.1765,-0.353565
0.177,-0.375967
0.1775,-0.383719
0.178,-0.375433
0.1785,-0.350496
0.179,-0.309295
0.1795,-0.253338
0.18,-0.185229
0.1805,-0.108484
0.181,-0.0272214
0.1815,0.0542246
0.182,0.131713
0.1825,0.201648
0.183,0.261228
0.1835,0.308554
0.184,0.342598
0.1845,0.363049
0.185,0.370099
0.1855,0.36421
0.186,0.345934
0.1865,0.315822
0.187,0.274443
0.1875,0.2225
0.188,0.161013
0.1885,0.0915133
0.189,0.0161868
0.1895,-0.0620795
0.19,-0.13978
0.1905,-0.213012
0.191,-0.277795
0.1915,-0.330461
0.192,-0.36803
0.1925,-0.388518
0.193,-0.391119
0.1935,-0.376233
0.194,-0.345339
0.1945,-0.300747
0.195,-0.245268
0.1955,-0.181883
0.196,-0.113459
0.1965,-0.0425666
0.197,0.028585
0.1975,0.0980937
0.198,0.16423
0.1985,0.225276
0.199,0.279384
0.1995,0.324519
0.2,0.358511
0.2005,0.379215
0.201,0.384769
0.2015,0.373892
0.202,0.346169
0.2025,0.302248
0.203,0.243923
0.2035,0.174052
0.204,0.0963328
0.2045,0.0149626
0.205,-0.0657654
0.2055,-0.141854
0.206,-0.209926
0.2065,-0.267429
0.207,-0.312694
0.2075,-0.344864
0.208,-0.363714
0.2085,-0.36943
0.209,-0.362394
0.2095,-0.343033
0.21,-0.311772
0.2105,-0.269097
0.211,-0.215699
0.2115,-0.152675
0.212,-0.0817097
0.2125,-0.00520019
0.213,0.0737455
0.2135,0.151436
0.214,0.223855
0.2145,0.287022
0.215,0.337376
0.2155,0.372148
0.216,0.389627
0.2165,0.389304
0.217,0.371842
0.2175,0.338914
0.218,0.292921
0.2185,0.236659
0.219,0.173008
0.2195,0.104674
0.22,0.0340561
0.2205,-0.0367779
0.221,-0.106001
0.2215,-0.171879
0.222,-0.232607
0.2225,-0.286202
0.223,-0.330474
0.2235,-0.363129
0.224,-0.381964
0.2245,-0.385157
0.225,-0.371566
0.2255,-0.341001
0.226,-0.294388
0.2265,-0.233803
0.227,-0.16234
0.2275,-0.0838503
0.228,-0.00257004
0.2285,0.0772811
0.229,0.151877
0.2295,0.218072
0.23,0.273556
0.2305,0.316873
0.231,0.347306
0.2315,0.364684
0.232,0.369157
0.2325,0.361005
0.233,0.340528
0.2335,0.308037
0.234,0.263956
0.2345,0.208997
0.235,0.144365
0.2355,0.071928
0.236,-0.00569633
0.2365,-0.0851808
0.237,-0.162666
0.2375,-0.234057
0.238,-0.295405
0.2385,-0.343293
0.239,-0.375187
0.2395,-0.389663
0.24,-0.386501
0.2405,-0.366608
0.241,-0.331817
0.2415,-0.284585
0.242,-0.227665
0.2425,-0.163809
0.243,-0.0955595
0.2435,-0.0251509
0.244,0.0454657
0.2445,0.114509
0.245,0.180206
0.2455,0.240644
0.246,0.293686
0.2465,0.336995
0.247,0.368166
0.2475,0.384973
0.248,0.385664
0.2485,0.369271
0.249,0.335851
0.2495,0.286619
0.25,0.223922
0.2505,0.15107
0.251,0.0720319
0.2515,-0.00895256
0.252,-0.0877711
0.2525,-0.16079
0.253,-0.225102
0.2535,-0.278631
0.254,-0.32011
0.2545,-0.34893
0.255,-0.36494
0.2555,-0.368227
0.256,-0.358957
0.2565,-0.337299
0.257,-0.303468
0.2575,-0.257855
0.258,-0.201225
0.2585,-0.134921
0.259,-0.0610157
0.2595,0.0176443
0.26,0.0975217
0.2605,0.174612
0.261,0.244776
0.2615,0.304132
0.262,0.34944
0.2625,0.378422
0.263,0.389945
0.2635,0.384067
0.264,0.361914
0.2645,0.325445
0.265,0.277139
0.2655,0.219674
0.266,0.155662
0.2665,0.0874786
0.267,0.0172097
0.2675,-0.0532849
0.268,-0.122237
0.2685,-0.187804
0.269,-0.247943
0.2695,-0.300359
0.27,-0.342569
0.2705,-0.372087
0.271,-0.386688
0.2715,-0.384733
0.272,-0.365454
0.2725,-0.329178
0.273,-0.277406
0.2735,-0.212749
0.274,-0.138703
0.2745,-0.0593203
0.275,0.0211927
0.2755,0.0988603
0.276,0.170259
0.2765,0.23272
0.277,0.284387
0.2775,0.324154
0.278,0.351491
0.2785,0.366231
0.279,0.368378
0.2795,0.357972
0.28,0.335062
0.2805,0.299782
0.281,0.252523
0.2815,0.194135
0.282,0.126131
0.2825,0.0508012
0.283,-0.0287743
0.2835,-0.108863
0.284,-0.185344
0.2845,-0.254068
0.285,-0.311257
0.2855,-0.353879
0.286,-0.379925
0.2865,-0.388556
0.287,-0.380089
0.2875,-0.355841
0.288,-0.317862
0.2885,-0.268618
0.289,-0.21069
0.2895,-0.146537
0.29,-0.0783704
0.2905,-0.00814862
0.291,0.0623316
0.2915,0.131282
0.292,0.196763
0.2925,0.256584
0.293,0.308288
0.2935,0.349264
0.294,0.376965
0.2945,0.389209
0.295,0.384496
0.2955,0.36229
0.296,0.323199
0.2965,0.269011
0.297,0.202579
0.2975,0.127557
0.298,0.0480409
0.2985,-0.0318284
0.299,-0.108239
0.2995,-0.177989
0.3,-0.238643
0.3005,-0.288547
0.301,-0.326725
0.3015,-0.352688
0.302,-0.36623
0.3025,-0.367249
0.303,-0.355658
0.3035,-0.331394
0.304,-0.294538
0.3045,-0.245511
0.305,-0.185283
0.3055,-0.115557
0.306,-0.0388599
0.3065,0.0415026
0.307,0.121621
0.3075,0.197288
0.308,0.264381
0.3085,0.319263
0.309,0.359131
0.3095,0.382258
0.31,0.388091
0.3105,0.377187
0.311,0.351022
0.3115,0.311702
0.312,0.261649
0.3125,0.203325
0.313,0.139029
0.3135,0.070823
0.314,0.000558236
0.3145,-0.0699996
0.315,-0.13901
0.3155,-0.204414
0.316,-0.263858
0.3165,-0.314727
0.317,-0.354299
0.3175,-0.380001
0.318,-0.389724
0.3185,-0.382144
0.319,-0.356979
0.3195,-0.315125
0.32,-0.258651
0.3205,-0.190628
0.321,-0.114834
0.3215,-0.035375
0.322,0.0437097
0.3225,0.118792
0.323,0.186898
0.3235,0.245816
0.324,0.29407
0.3245,0.330781
0.325,0.355475
0.3255,0.367875
0.326,0.367762
0.3265,0.354921
0.327,0.329194
0.3275,0.290641
0.328,0.239743
0.3285,0.177621
0.329,0.106192
0.3295,0.0282228
0.33,-0.052762
0.3305,-0.132701
0.331,-0.207334
0.3315,-0.272604
0.332,-0.325044
0.3325,-0.362103
0.333,-0.382341
0.3335,-0.385479
0.334,-0.372291
0.3345,-0.344375
0.335,-0.303858
0.3355,-0.253093
0.336,-0.194405
0.3365,-0.129934
0.337,-0.0616063
0.3375,0.00880654
0.338,0.0795376
0.3385,0.148665
0.339,0.213987
0.3395,0.272982
0.34,0.322887
0.3405,0.360891
0.341,0.384425
0.3415,0.391492
0.342,0.380972
0.3425,0.352855
0.343,0.308331
0.3435,0.249734
0.344,0.180327
0.3445,0.103975
0.345,0.0247584
0.3455,-0.0534137
0.346,-0.127114
0.3465,-0.193598
0.347,-0.250862
0.3475,-0.297581
0.348,-0.332942
0.3485,-0.356448
0.349,-0.367734
0.3495,-0.366454
0.35,-0.352272
0.3505,-0.324959
0.351,-0.28458
0.3515,-0.231711
0.352,-0.167652
0.3525,-0.0945529
0.353,-0.0154199
0.3535,0.0660168
0.354,0.145572
0.3545,0.218971
0.355,0.282254
0.3555,0.332156
0.356,0.366392
0.3565,0.383809
0.357,0.384386
0.3575,0.369082
0.358,0.339585
0.3585,0.298012
0.359,0.246618
0.3595,0.187582
0.36,0.122893
0.3605,0.0543567
0.361,-0.0163017
0.3615,-0.087283
0.362,-0.156556
0.3625,-0.22176
0.363,-0.280202
0.3635,-0.328985
0.364,-0.365239
0.3645,-0.386433
0.365,-0.390714
0.3655,-0.377195
0.366,-0.346152
0.3665,-0.299065
0.367,-0.238515
0.3675,-0.167926
0.368,-0.0912145
0.3685,-0.0123987
0.369,0.0647662
0.3695,0.137066
0.37,0.201979
0.3705,0.257691
0.371,0.302996
0.3715,0.337116
0.372,0.359504
0.3725,0.369686
0.373,0.367187
0.3735,0.351562
0.374,0.322537
0.3745,0.280212
0.375,0.225295
0.3755,0.159289
0.376,0.084586
0.3765,0.00443068
0.377,-0.0772627
0.3775,-0.156216
0.378,-0.228176
0.3785,-0.289317
0.379,-0.336598
0.3795,-0.368013
0.38,-0.382689
0.3805,-0.380841
0.381,-0.363582
0.3815,-0.332655
0.382,-0.290135
0.3825,-0.238161
0.383,-0.178761
0.3835,-0.113782
0.384,-0.0449369
0.3845,0.0260682
0.385,0.0973689
0.3855,0.1668
0.386,0.231829
0.3865,0.289599
0.387,0.337095
0.3875,0.371419
0.388,0.390114
0.3885,0.391505
0.389,0.374961
0.3895,0.341051
0.39,0.291538
0.3905,0.229225
0.391,0.157664
0.3915,0.0807877
0.392,0.00251943
0.3925,-0.0735618
0.393,-0.144459
0.3935,-0.207864
0.394,-0.26213
0.3945,-0.306136
0.395,-0.339106
0.3955,-0.360419
0.396,-0.369479
0.3965,-0.365682
0.397,-0.348494
0.3975,-0.317622
0.398,-0.273238
0.3985,-0.21621
0.399,-0.148265
0.3995,-0.0720462
0.4,0.00897536
0.4005,0.090725
0.401,0.168867
0.4015,0.239204
0.402,0.298077
0.4025,0.342693
0.403,0.371324
0.4035,0.383368
0.404,0.37925
0.4045,0.360204
0.405,0.327994
0.4055,0.284623
0.406,0.232102
0.4065,0.172307
0.407,0.106958
0.4075,0.0377036
0.408,-0.0337369
0.4085,-0.105404
0.409,-0.174977
0.4095,-0.239747
0.41,-0.296701
0.4105,-0.342732
0.411,-0.374944
0.4115,-0.390992
0.412,-0.389408
0.4125,-0.369835
0.413,-0.333139
0.4135,-0.281352
0.414,-0.217472
0.4145,-0.145144
0.415,-0.0682773
0.4155,0.00932503
0.416,0.0842768
0.4165,0.153799
0.417,0.215782
0.4175,0.268714
0.418,0.311533
0.4185,0.343433
0.419,0.363694
0.4195,0.371592
0.42,0.366403
0.4205,0.347525
0.421,0.314678
0.4215,0.268139
0.422,0.208964
0.4225,0.139122
0.423,0.0615055
0.4235,-0.020201
0.424,-0.101792
0.4245,-0.178908
0.425,-0.247448
0.4255,-0.303947
0.426,-0.345871
0.4265,-0.371776
0.427,-0.38131
0.4275,-0.375079
0.428,-0.354405
0.4285,-0.321038
0.429,-0.276889
0.4295,-0.223827
0.43,-0.163583
0.4305,-0.0977738
0.431,-0.0280078
0.4315,0.043947
0.432,0.116009
0.4325,0.185687
0.433,0.250093
0.4335,0.306073
0.434,0.350456
0.4345,0.380384
0.435,0.393658
0.4355,0.389041
0.436,0.366468
0.4365,0.327096
0.437,0.273206
0.4375,0.207962
0.438,0.135065
0.4385,0.058369
0.439,-0.018471
0.4395,-0.0922712
0.44,-0.160466
0.4405,-0.22112
0.441,-0.272834
0.4415,-0.314566
0.442,-0.345451
0.4425,-0.364657
0.443,-0.371327
0.4435,-0.364631
0.444,-0.343925
0.4445,-0.308974
0.445,-0.260194
0.4455,-0.198854
0.446,-0.127176
0.4465,-0.0482994
0.447,0.0338999
0.4475,0.115117
0.448,0.191007
0.4485,0.257596
0.449,0.311639
0.4495,0.350874
0.45,0.37413
0.4505,0.381286
0.451,0.373099
0.4515,0.350941
0.452,0.316522
0.4525,0.271639
0.453,0.218014
0.4535,0.157249
0.454,0.090876
0.4545,0.0205005
0.455,-0.0520318
0.4555,-0.124493
0.456,-0.194211
0.4565,-0.258122
0.457,-0.312951
0.4575,-0.355497
0.458,-0.382973
0.4585,-0.393358
0.459,-0.385675
0.4595,-0.360152
0.46,-0.318232
0.4605,-0.262423
0.461,-0.196019
0.4615,-0.12274
0.462,-0.0463529
0.4625,0.0296545
0.463,0.102307
0.4635,0.169239
0.464,0.228671
0.4645,0.279277
0.465,0.320008
0.4655,0.349915
0.466,0.368039
0.4665,0.373395
0.467,0.365065
0.4675,0.342392
0.468,0.30522
0.4685,0.254136
0.469,0.190641
0.4695,0.117216
0.47,0.037237
0.4705,-0.045252
0.471,-0.125881
0.4715,-0.200357
0.472,-0.264866
0.4725,-0.316403
0.473,-0.35298
0.4735,-0.373689
0.474,-0.378615
0.4745,-0.368629
0.475,-0.345123
0.4755,-0.309738
0.476,-0.264142
0.4765,-0.209916
0.477,-0.148544
0.4775,-0.0815047
0.478,-0.0104311
0.4785,0.0627231
0.479,0.135563
0.4795,0.20523
0.48,0.268496
0.4805,0.32199
0.481,0.36251
0.4815,0.38738
0.482,0.394788
0.4825,0.384032
0.483,0.355638
0.4835,0.31132
0.484,0.253784
0.4845,0.18642
0.485,0.112931
0.4855,0.0369707
0.486,-0.0381589
0.4865,-0.109689
0.487,-0.175441
0.4875,-0.23376
0.488,-0.283364
0.4885,-0.323165
0.489,-0.352108
0.4895,-0.369103
0.49,-0.373042
0.4905,-0.362944
0.491,-0.33817
0.4915,-0.298678
0.492,-0.245249
0.4925,-0.179638
0.493,-0.104584
0.4935,-0.0236846
0.494,0.0588787
0.4945,0.138706
0.495,0.211594
0.4955,0.273915
0.496,0.322918
0.4965,0.35689
0.497,0.375169
0.4975,0.378014
0.498,0.366379
0.4985,0.341642
0.499,0.305351
0.4995,0.259038
0.5,0.204148
0.5005,0.14207
0.501,0.0742577
0.5015,0.00240467
0.502,-0.0713999
0.5025,-0.144579
0.503,-0.214085
0.5035,-0.276543
0.504,-0.328513
0.5045,-0.366829
0.505,-0.388961
0.5055,-0.39333
0.506,-0.379523
0.5065,-0.348363
0.507,-0.301814
0.5075,-0.242749
0.508,-0.174619
0.5085,-0.101077
0.509,-0.0256357
0.5095,0.0485959
0.51,0.11905
0.5105,0.183714
0.511,0.241027
0.5115,0.28972
0.512,0.328636
0.5125,0.356601
0.513,0.372388
0.5135,0.374786
0.514,0.362773
0.5145,0.335763
0.515,0.293859
0.5155,0.238066
0.516,0.1704
0.5165,0.0938545
0.517,0.0122261
0.5175,-0.0701967
0.518,-0.149023
0.5185,-0.220169
0.519,-0.280222
0.5195,-0.326694
0.52,-0.35814
0.5205,-0.374121
0.521,-0.37504
0.5215,-0.361899
0.522,-0.336033
0.5225,-0.298877
0.523,-0.251825
0.5235,-0.196199
0.524,-0.133314
0.5245,-0.0646341
0.525,0.00805623
0.5255,0.0825089
0.526,0.155954
0.5265,0.225162
0.527,0.286629
0.5275,0.33688
0.528,0.372819
0.5285,0.392094
0.529,0.393384
0.5295,0.376574
0.53,0.342771
0.5305,0.294167
0.531,0.233769
0.5315,0.165052
0.532,0.0915871
0.5325,0.0167272
0.533,-0.0566159
0.5335,-0.126065
0.534,-0.189747
0.5345,-0.246166
0.535,-0.294032
0.5355,-0.332096
0.536,-0.359051
0.5365,-0.373539
0.537,-0.374263
0.5375,-0.360193
0.538,-0.330827
0.5385,-0.286447
0.539,-0.228301
0.5395,-0.158671
0.54,-0.080796
0.5405,0.00135318
0.541,0.083416
0.5415,0.161047
0.542,0.230315
0.5425,0.288041
0.543,0.332004
0.5435,0.361015
0.544,0.374832
0.5445,0.373969
0.545,0.359443
0.5455,0.332518
0.546,0.294505
0.5465,0.246664
0.547,0.190204
0.5475,0.126402
0.548,0.0567617
0.5485,-0.016812
0.549,-0.0918925
0.5495,-0.165512
0.55,-0.234268
0.5505,-0.294557
0.551,-0.342898
0.5515,-0.376307
0.552,-0.392636
0.5525,-0.390842
0.553,-0.371107
0.5535,-0.334812
0.554,-0.284346
0.5545,-0.222818
0.555,-0.153688
0.5555,-0.0804194
0.556,-0.00618945
0.5565,0.0662865
0.557,0.134805
0.5575,0.197606
0.558,0.253225
0.5585,0.300321
0.559,0.337532
0.5595,0.363414
0.56,0.376487
0.5605,0.37539
0.561,0.359116
0.5615,0.327285
0.562,0.280383
0.5625,0.219916
0.563,0.148434
0.5635,0.0694054
0.564,-0.0130546
0.5645,-0.0945501
0.565,-0.170816
0.5655,-0.238104
0.566,-0.293479
0.5665,-0.33499
0.567,-0.361682
0.5675,-0.373484
0.568,-0.370986
0.5685,-0.355189
0.569,-0.327263
0.5695,-0.288388
0.57,-0.239693
0.5705,-0.182304
0.571,-0.117483
0.5715,-0.0468088
0.572,0.0276665
0.5725,0.103322
0.573,0.176993
0.5735,0.24512
0.574,0.304028
0.5745,0.350268
0.575,0.380998
0.5755,0.394307
0.576,0.389439
0.5765,0.366872
0.577,0.328238
0.5775,0.276097
0.578,0.213619
0.5785,0.144219
0.579,0.0712274
0.5795,-0.0023624
0.58,-0.0740257
0.5805,-0.141711
0.581,-0.203742
0.5815,-0.258653
0.582,-0.305025
0.5825,-0.341367
0.583,-0.366098
0.5835,-0.377629
0.584,-0.374564
0.5845,-0.355953
0.585,-0.321569
0.5855,-0.272129
0.586,-0.209407
0.5865,-0.136217
0.587,-0.0562335
0.5875,0.0263157
0.588,0.107036
0.5885,0.181777
0.589,0.246995
0.5895,0.300014
0.59,0.339139
0.5905,0.363634
0.591,0.37356
0.5915,0.369555
0.592,0.35257
0.5925,0.323667
0.593,0.283891
0.5935,0.234253
0.594,0.17582
0.5945,0.109875
0.595,0.0380983
0.5955,-0.037284
0.596,-0.113448
0.5965,-0.187037
0.597,-0.254358
0.5975,-0.311694
0.598,-0.355665
0.5985,-0.383605
0.599,-0.393859
0.5995,-0.385969
0.6,-0.360698
0.6005,-0.319906
0.601,-0.266289
0.6015,-0.203043
0.602,-0.133508
0.6025,-0.0608611
0.603,0.012092
0.6035,0.0830047
0.604,0.149954
0.6045,0.211313
0.605,0.265584
0.6055,0.311247
0.606,0.346671
0.6065,0.370141
0.607,0.379982
0.6075,0.374791
0.608,0.353711
0.6085,0.316698
0.609,0.264719
0.6095,0.199824
0.61,0.125079
0.6105,0.0443389
0.611,-0.0380896
0.6115,-0.11785
0.612,-0.19094
0.6125,-0.254039
0.613,-0.304731
0.6135,-0.341568
0.614,-0.364002
0.6145,-0.372201
0.615,-0.36681
0.6155,-0.348711
0.616,-0.318842
0.6165,-0.278115
0.617,-0.227444
0.6175,-0.167863
0.618,-0.100709
0.6185,-0.0277956
0.619,0.0484604
0.6195,0.125027
0.62,0.198366
0.6205,0.264678
0.621,0.320236
0.6215,0.361769
0.622,0.386814
0.6225,0.393993
0.623,0.383144
0.6235,0.355303
0.624,0.312529
0.6245,0.25762
0.625,0.193762
0.6255,0.124193
0.626,0.0519222
0.6265,-0.0204304
0.627,-0.0906795
0.6275,-0.157002
0.628,-0.217789
0.6285,-0.271482
0.629,-0.316438
0.6295,-0.350883
0.63,-0.372976
0.6305,-0.38098
0.631,-0.37352
0.6315,-0.349865
0.632,-0.310182
0.6325,-0.255703
0.633,-0.188757
0.6335,-0.112642
0.634,-0.0313648
0.6345,0.050725
0.635,0.129346
0.6355,0.200667
0.636,0.261611
0.6365,0.310016
0.637,0.344665
0.6375,0.36517
0.638,0.371769
0.6385,0.365086
0.639,0.345909
0.6395,0.315046
0.64,0.273288
0.6405,0.22147
0.641,0.160626
0.6415,0.0921778
0.642,0.0181012
0.6425,-0.0589832
0.643,-0.135835
0.6435,-0.208754
0.644,-0.27386
0.6445,-0.327457
0.645,-0.366412
0.6455,-0.388498
0.646,-0.39262
0.6465,-0.378914
0.647,-0.348666
0.6475,-0.304105
0.648,-0.248094
0.6485,-0.183776
0.649,-0.114262
0.6495,-0.0423885
0.65,0.029406
0.6505,0.0990757
0.651,0.164867
0.6515,0.225157
0.652,0.278299
0.6525,0.322513
0.653,0.35588
0.6535,0.376451
0.654,0.382455
0.6545,0.372577
0.655,0.346246
0.6555,0.303864
0.656,0.246943
0.6565,0.178076
0.657,0.100778
0.6575,0.0191741
0.658,-0.0623809
0.6585,-0.139714
0.659,-0.209192
0.6595,-0.267984
0.66,-0.314181
0.6605,-0.34677
0.661,-0.365492
0.6615,-0.370623
0.662,-0.362736
0.6625,-0.34251
0.663,-0.310621
0.6635,-0.267748
0.664,-0.214677
0.6645,-0.152475
0.665,-0.0826787
0.6655,-0.00744806
0.666,0.0703813
0.6665,0.147368
0.667,0.21967
0.6675,0.283361
0.668,0.33481
0.6685,0.371058
0.669,0.39013
0.6695,0.391229
0.67,0.374774
0.6705,0.342279
0.671,0.29611
0.6715,0.239156
0.672,0.174492
0.6725,0.105083
0.673,0.0335843
0.6735,-0.0377294
0.674,-0.106928
0.6745,-0.172294
0.675,-0.232163
0.6755,-0.284773
0.676,-0.328198
0.6765,-0.36038
0.677,-0.379284
0.6775,-0.383134
0.678,-0.370711
0.6785,-0.341632
0.679,-0.29656
0.6795,-0.237286
0.68,-0.166663
0.6805,-0.0883921
0.681,-0.00668348
0.6815,0.0741403
0.682,0.150045
0.6825,0.217614
0.683,0.274268
0.6835,0.318334
0.684,0.348981
0.6845,0.366045
0.685,0.369808
0.6855,0.360766
0.686,0.339477
0.6865,0.306489
0.687,0.262391
0.6875,0.207946
0.688,0.144285
0.6885,0.0730929
0.689,-0.00326958
0.6895,-0.0817473
0.69,-0.15871
0.6905,-0.230201
0.691,-0.292282
0.6915,-0.341423
0.692,-0.374868
0.6925,-0.390917
0.693,-0.389067
0.6935,-0.370006
0.694,-0.33545
0.6945,-0.287864
0.695,-0.230132
0.6955,-0.165232
0.696,-0.0959667
0.6965,-0.0248187
0.697,0.0460882
0.6975,0.11491
0.698,0.179935
0.6985,0.239424
0.699,0.291484
0.6995,0.334036
0.7,0.364897
0.7005,0.381967
0.701,0.383499
0.7015,0.368407
0.702,0.336524
0.7025,0.288786
0.703,0.227264
0.7035,0.155053
0.704,0.0760126
0.7045,-0.005599
0.705,-0.0855267
0.7055,-0.159902
0.706,-0.225541
0.7065,-0.280111
0.707,-0.322158
0.7075,-0.351001
0.708,-0.366543
0.7085,-0.369035
0.709,-0.35888
0.7095,-0.336507
0.71,-0.302346
0.7105,-0.256916
0.711,-0.200991
0.7115,-0.1358
0.712,-0.0631987
0.7125,0.014234
0.713,0.0932261
0.7135,0.169976
0.714,0.240443
0.7145,0.30071
0.715,0.347387
0.7155,0.377945
0.716,0.39097
0.7165,0.386252
0.717,0.364729
0.7175,0.328284
0.718,0.279449
0.7185,0.22107
0.719,0.156001
0.7195,0.0868813
0.72,0.0160233
0.7205,-0.0545761
0.721,-0.123129
0.7215,-0.187897
0.722,-0.24704
0.7225,-0.29852
0.723,-0.340107
0.7235,-0.369507
0.724,-0.384585
0.7245,-0.38366
0.725,-0.365806
0.7255,-0.331101
0.726,-0.280761
0.7265,-0.217135
0.727,-0.143537
0.7275,-0.0639498
0.728,0.0173557
0.7285,0.0962259
0.729,0.168982
0.7295,0.232679
0.73,0.285224
0.7305,0.325359
0.731,0.352526
0.7315,0.366653
0.732,0.36794
0.7325,0.356677
0.733,0.333162
0.7335,0.297723
0.734,0.250837
0.7345,0.193319
0.735,0.126528
0.7355,0.0525149
0.736,-0.0259163
0.7365,-0.105283
0.737,-0.181635
0.7375,-0.250877
0.738,-0.309156
0.7385,-0.353249
0.739,-0.38088
0.7395,-0.390926
0.74,-0.383459
0.7405,-0.359644
0.741,-0.321498
0.7415,-0.271584
0.742,-0.212679
0.7425,-0.1475
0.743,-0.078515
0.7435,-0.00788226
0.744,0.0625033
0.7445,0.130878
0.745,0.195445
0.7455,0.254242
0.746,0.305073
0.7465,0.345568
0.747,0.37334
0.7475,0.386252
0.748,0.382722
0.7485,0.362018
0.749,0.324481
0.7495,0.271616
0.75,0.206034
0.7505,0.131241
0.751,0.0513131
0.7515,-0.0295062
0.752,-0.107194
0.7525,-0.178281
0.753,-0.240062
0.7535,-0.290672
0.754,-0.329024
0.7545,-0.354646
0.755,-0.367465
0.7555,-0.3676
0.756,-0.355221
0.7565,-0.3305
0.757,-0.293679
0.7575,-0.245224
0.758,-0.186027
0.7585,-0.117602
0.759,-0.0422154
0.7595,0.0371001
0.76,0.116664
0.7605,0.192405
0.761,0.260209
0.7615,0.316321
0.762,0.357716
0.7625,0.38239
0.763,0.389511
0.7635,0.379419
0.764,0.353475
0.7645,0.313799
0.765,0.262948
0.7655,0.203606
0.766,0.138337
0.7665,0.0694442
0.767,-0.00105269
0.7675,-0.0713314
0.768,-0.13962
0.7685,-0.204036
0.769,-0.262473
0.7695,-0.312579
0.77,-0.351848
0.7705,-0.377832
0.771,-0.388423
0.7715,-0.382173
0.772,-0.358572
0.7725,-0.318239
0.773,-0.262965
0.7735,-0.195607
0.774,-0.119837
0.7745,-0.0397829
0.775,0.0403719
0.7755,0.116764
0.776,0.186144
0.7765,0.246046
0.777,0.294814
0.7775,0.331503
0.778,0.355693
0.7785,0.367279
0.779,0.366281
0.7795,0.35274
0.78,0.326715
0.7805,0.288387
0.781,0.238239
0.7815,0.177273
0.782,0.107188
0.7825,0.0304754
0.783,-0.0496024
0.7835,-0.129187
0.784,-0.204113
0.7845,-0.270287
0.785,-0.324086
0.7855,-0.36271
0.786,-0.384437
0.7865,-0.388723
0.787,-0.376157
0.7875,-0.348265
0.788,-0.307232
0.7885,-0.255579
0.789,-0.195875
0.7895,-0.130525
0.79,-0.0616719
0.7905,0.00877674
0.791,0.0790423
0.7915,0.147313
0.792,0.211592
0.7925,0.26962
0.793,0.318885
0.7935,0.356769
0.794,0.380785
0.7945,0.388894
0.795,0.379811
0.7955,0.353277
0.796,0.310195
0.7965,0.252639
0.797,0.183689
0.7975,0.107147
0.798,0.0271585
0.7985,-0.0521866
0.799,-0.127207
0.7995,-0.194882
0.8,-0.252977
0.8005,-0.30002
0.801,-0.335176
0.8015,-0.358048
0.802,-0.368469
0.8025,-0.366345
0.803,-0.35159
0.8035,-0.324162
0.804,-0.284208
0.8045,-0.232265
0.805,-0.169473
0.8055,-0.0977384
0.806,-0.01979
0.8065,0.0608924
0.807,0.140292
0.8075,0.214186
0.808,0.278537
0.8085,0.329885
0.809,0.365679
0.8095,0.384485
0.81,0.386037
0.8105,0.371146
0.811,0.341473
0.8115,0.299234
0.812,0.246883
0.8125,0.186856
0.813,0.121397
0.8135,0.0525059
0.814,-0.0179999
0.8145,-0.0883521
0.815,-0.156667
0.8155,-0.220815
0.816,-0.27837
0.8165,-0.326672
0.817,-0.363007
0.8175,-0.384889
0.818,-0.390375
0.8185,-0.378383
0.819,-0.348917
0.8195,-0.303173
0.82,-0.243493
0.8205,-0.173155
0.821,-0.096058
0.8215,-0.0163267
0.822,0.0620731
0.8225,0.135659
0.823,0.201643
0.8235,0.258006
0.824,0.303435
0.8245,0.337174
0.825,0.358814
0.8255,0.368104
0.826,0.364827
0.8265,0.348771
0.827,0.319818
0.8275,0.278109
0.828,0.224268
0.8285,0.159604
0.829,0.0862454
0.8295,0.00716274
0.83,-0.0739585
0.8305,-0.152972
0.831,-0.225632
0.8315,-0.287992
0.832,-0.336787
0.8325,-0.369733
0.833,-0.385681
0.8335,-0.384631
0.834,-0.367587
0.8345,-0.33631
0.835,-0.293011
0.8355,-0.240055
0.836,-0.17973
0.8365,-0.114125
0.837,-0.045114
0.8375,0.025546
0.838,0.0960643
0.8385,0.164458
0.839,0.228445
0.8395,0.285432
0.84,0.332619
0.8405,0.367228
0.841,0.386802
0.8415,0.389535
0.842,0.374569
0.8425,0.342189
0.843,0.293886
0.8435,0.232248
0.844,0.160725
0.8445,0.0832718
0.845,0.00396093
0.8455,-0.0733934
0.846,-0.145521
0.8465,-0.209862
0.847,-0.264594
0.8475,-0.308536
0.848,-0.340975
0.8485,-0.361461
0.849,-0.369641
0.8495,-0.365167
0.85,-0.347718
0.8505,-0.317117
0.851,-0.273537
0.8515,-0.217718
0.852,-0.151164
0.8525,-0.0762434
0.853,0.00383802
0.8535,0.0852065
0.854,0.163617
0.8545,0.234836
0.855,0.295045
0.8555,0.3412
0.856,0.371293
0.8565,0.384458
0.857,0.380939
0.8575,0.361905
0.858,0.329178
0.8585,0.284935
0.859,0.231431
0.8595,0.1708
0.86,0.104983
0.8605,0.0357525
0.861,-0.0351641
0.8615,-0.105923
0.862,-0.174415
0.8625,-0.238194
0.863,-0.294498
0.8635,-0.340412
0.864,-0.373118
0.8645,-0.390225
0.865,-0.390097
0.8655,-0.372126
0.866,-0.336888
0.8665,-0.286157
0.867,-0.222752
0.8675,-0.150256
0.868,-0.0726489
0.8685,0.00608687
0.869,0.0823093
0.8695,0.152968
0.87,0.215723
0.8705,0.268924
0.871,0.311492
0.8715,0.342724
0.872,0.362103
0.8725,0.369159
0.873,0.363415
0.8735,0.344455
0.874,0.312074
0.8745,0.266506
0.875,0.208641
0.8755,0.140201
0.876,0.0637995
0.8765,-0.0171284
0.877,-0.0985449
0.8775,-0.17614
0.878,-0.245729
0.8785,-0.303654
0.879,-0.347115
0.8795,-0.374384
0.88,-0.384871
0.8805,-0.379037
0.881,-0.358182
0.8815,-0.324157
0.882,-0.279077
0.8825,-0.225065
0.883,-0.164106
0.8835,-0.0980044
0.884,-0.0284575
0.8845,0.0428043
0.885,0.113853
0.8855,0.182434
0.886,0.245924
0.8865,0.301408
0.887,0.345871
0.8875,0.376491
0.888,0.390979
0.8885,0.387899
0.889,0.366912
0.8895,0.328891
0.89,0.275879
0.8905,0.2109
0.891,0.137635
0.8915,0.0600504
0.892,-0.0179874
0.8925,-0.093028
0.893,-0.162242
0.8935,-0.223494
0.894,-0.275283
0.8945,-0.316595
0.895,-0.346708
0.8955,-0.365015
0.896,-0.370917
0.8965,-0.363818
0.897,-0.343224
0.8975,-0.308936
0.898,-0.26128
0.8985,-0.201327
0.899,-0.131033
0.8995,-0.0532604
0.9,0.0283405
0.9005,0.109595
0.901,0.186163
0.9015,0.253948
0.902,0.309479
0.9025,0.350215
0.903,0.374714
0.9035,0.382642
0.904,0.37465
0.9045,0.352134
0.905,0.316943
0.9055,0.2711
0.906,0.216592
0.9065,0.155252
0.907,0.0887727
0.9075,0.0188034
0.908,-0.0528903
0.9085,-0.124268
0.909,-0.19291
0.9095,-0.256017
0.91,-0.31053
0.9105,-0.353363
0.911,-0.381726
0.9115,-0.393465
0.912,-0.387371
0.9125,-0.36339
0.913,-0.322689
0.9135,-0.267567
0.914,-0.201217
0.9145,-0.127386
0.915,-0.0499919
0.9155,0.0272431
0.916,0.101071
0.9165,0.16888
0.917,0.22872
0.9175,0.27921
0.918,0.319368
0.9185,0.348424
0.919,0.365662
0.9195,0.370352
0.92,0.361788
0.9205,0.339426
0.921,0.303102
0.9215,0.25327
0.922,0.191207
0.9225,0.119115
0.923,0.0401053
0.9235,-0.041979
0.924,-0.122856
0.9245,-0.198194
0.925,-0.264015
0.9255,-0.317065
0.926,-0.355075
0.9265,-0.376878
0.927,-0.38238
0.9275,-0.372391
0.928,-0.348368
0.9285,-0.312125
0.929,-0.265577
0.9295,-0.210562
0.93,-0.148778
0.9305,-0.0818255
0.931,-0.0113374
0.9315,0.0608536
0.932,0.132569
0.9325,0.201213
0.933,0.263813
0.9335,0.317184
0.934,0.358201
0.9345,0.384138
0.935,0.393011
0.9355,0.383863
0.936,0.356934
0.9365,0.313679
0.937,0.256627
0.9375,0.18911
0.938,0.114903
0.9385,0.0378427
0.939,-0.0385138
0.9395,-0.111128
0.94,-0.177597
0.9405,-0.236131
0.941,-0.285437
0.9415,-0.324535
0.942,-0.35258
0.9425,-0.368733
0.943,-0.372135
0.9435,-0.361985
0.944,-0.337718
0.9445,-0.299239
0.945,-0.247163
0.9455,-0.182992
0.946,-0.109185
0.9465,-0.0290902
0.947,0.0532772
0.9475,0.133563
0.948,0.207479
0.9485,0.271202
0.949,0.321713
0.9495,0.357021
0.95,0.376225
0.9505,0.379446
0.951,0.367619
0.9515,0.342228
0.952,0.305025
0.9525,0.257799
0.953,0.202244
0.9535,0.139933
0.954,0.0724028
0.9545,0.00130296
0.955,-0.0714364
0.9555,-0.143478
0.956,-0.212042
0.9565,-0.27399
0.957,-0.326037
0.9575,-0.36505
0.958,-0.388405
0.9585,-0.394318
0.959,-0.382104
0.9595,-0.352301
0.96,-0.306637
0.9605,-0.247848
0.961,-0.179369
0.9615,-0.104966
0.962,-0.0283659
0.9625,0.047057
0.963,0.118475
0.9635,0.183678
0.964,0.241013
0.9645,0.289242
0.965,0.327355
0.9655,0.354409
0.966,0.369435
0.9665,0.37145
0.967,0.359584
0.9675,0.333278
0.968,0.292542
0.9685,0.238178
0.969,0.171932
0.9695,0.0965238
0.97,0.0155208
0.9705,-0.0669154
0.971,-0.146395
0.9715,-0.21871
0.972,-0.28022
0.9725,-0.32816
0.973,-0.360814
0.9735,-0.377535
0.974,-0.378627
0.9745,-0.365117
0.975,-0.338483
0.9755,-0.30039
0.976,-0.252493
0.9765,-0.196343
0.977,-0.133411
0.9775,-0.0651979
0.978,0.0065971
0.9785,0.0799184
0.979,0.152253
0.9795,0.220634
0.98,0.281775
0.9805,0.332313
0.981,0.369144
0.9815,0.38978
0.982,0.392666
0.9825,0.377403
0.983,0.344824
0.9835,0.296915
0.984,0.236585
0.9845,0.167338
0.985,0.0928982
0.9855,0.0168544
0.986,-0.0576115
0.9865,-0.127878
0.987,-0.191908
0.9875,-0.248156
0.988,-0.295406
0.9885,-0.332589
0.989,-0.358647
0.9895,-0.372476
0.99,-0.372986
0.9905,-0.359258
0.991,-0.330777
0.9915,-0.287689
0.992,-0.231009
0.9925,-0.162743
0.993,-0.0858615
0.9935,-0.00413834
0.994,0.0781528
0.9945,0.156623
0.995,0.227178
0.9955,0.286388
0.996,0.331752
0.9965,0.361824
0.997,0.37619
0.9975,0.375305
0.998,0.360257
0.9985,0.332486
0.999,0.293551
0.9995,0.244966
1,0.188152
1.0005,0.124501
1.001,0.0555101
1.0015,-0.0170415
1.002,-0.0909478
1.0025,-0.163508
1.003,-0.231574
1.0035,-0.291726
1.004,-0.340559
1.0045,-0.375033
1.005,-0.392828
1.0055,-0.392643
1.006,-0.374373
1.0065,-0.33914
1.007,-0.289164
1.0075,-0.227494
1.008,-0.157668
1.0085,-0.0833328
1.009,-0.00792051
1.0095,0.0655865
1.01,0.134764
1.0105,0.197723
1.011,0.252995
1.0115,0.299354
1.012,0.335646
1.0125,0.360685
1.013,0.373237
1.0135,0.372116
1.014,0.356388
1.0145,0.325614
1.015,0.280107
1.0155,0.221118
1.016,0.150918
1.0165,0.0727217
1.017,-0.00951684
1.0175,-0.0914451
1.018,-0.168711
1.0185,-0.237369
1.019,-0.294218
1.0195,-0.337025
1.02,-0.364607
1.0205,-0.376754
1.021,-0.374044
1.0215,-0.357587
1.022,-0.328761
1.0225,-0.289001
1.023,-0.239682
1.0235,-0.182113
1.024,-0.117631
1.0245,-0.0477639
1.025,0.025599
1.0255,0.100081
1.026,0.172785
1.0265,0.240392
1.027,0.299374
1.0275,0.346315
1.028,0.378274
1.0285,0.393134
1.029,0.389864
1.0295,0.368658
1.03,0.330915
1.0305,0.279059
1.031,0.21625
1.0315,0.146018
1.032,0.0719082
1.0325,-0.00282217
1.033,-0.0753908
1.0335,-0.143554
1.034,-0.205547
1.0345,-0.259944
1.035,-0.305476
1.0355,-0.340886
1.036,-0.364852
1.0365,-0.376013
1.037,-0.373118
1.0375,-0.355243
1.038,-0.322061
1.0385,-0.274081
1.039,-0.212808
1.0395,-0.140777
1.04,-0.0614367
1.0405,0.0211094
1.041,0.102465
1.0415,0.178353
1.042,0.245003
1.0425,0.29946
1.043,0.339761
1.0435,0.364966
1.044,0.375043
1.0445,0.370658
1.045,0.352911
1.0455,0.323095
1.046,0.282512
1.0465,0.232403
1.047,0.173984
1.0475,0.10857
1.048,0.0377497
1.0485,-0.0364487
1.049,-0.11146
1.0495,-0.184194
1.05,-0.25117
1.0505,-0.308782
1.051,-0.35364
1.0515,-0.382937
1.052,-0.394782
1.0525,-0.388434
1.053,-0.364382
1.0535,-0.324282
1.054,-0.270737
1.0545,-0.206974
1.055,-0.136489
1.0555,-0.0626958
1.056,0.0113325
1.0565,0.0830086
1.057,0.15025
1.0575,0.211386
1.058,0.265001
1.0585,0.309758
1.059,0.344276
1.0595,0.367095
1.06,0.376746
1.0605,0.371931
1.061,0.351775
1.0615,0.316095
1.062,0.265622
1.0625,0.202126
1.063,0.128405
1.0635,0.0481183
1.064,-0.034511
1.0645,-0.115081
1.065,-0.189423
1.0655,-0.253967
1.066,-0.306017
1.0665,-0.343872
1.067,-0.366816
1.0675,-0.374964
1.068,-0.369035
1.0685,-0.350091
1.069,-0.319317
1.0695,-0.277881
1.07,-0.226902
1.0705,-0.167525
1.071,-0.101075
1.0715,-0.0292341
1.072,0.0458075
1.0725,0.121286
1.073,0.193917
1.0735,0.260086
1.074,0.316137
1.0745,0.358739
1.075,0.385255
1.0755,0.394047
1.076,0.384666
1.0765,0.357892
1.077,0.315616
1.0775,0.260582
1.078,0.196054
1.0785,0.125457
1.079,0.0520556
1.0795,-0.0212673
1.08,-0.0921094
1.0805,-0.158525
1.081,-0.218908
1.0815,-0.271817
1.082,-0.315824
1.0825,-0.349413
1.083,-0.370987
1.0835,-0.378985
1.084,-0.372097
1.0845,-0.349528
1.085,-0.31127
1.0855,-0.258298
1.086,-0.192654
1.0865,-0.11739
1.087,-0.0363512
1.0875,0.0461541
1.088,0.125754
1.0885,0.19842
1.089,0.260806
1.0895,0.310475
1.09,0.34598
1.0905,0.366803
1.091,0.373173
1.0915,0.365828
1.092,0.345766
1.0925,0.314051
1.093,0.271717
1.0935,0.219778
1.094,0.159336
1.0945,0.091759
1.095,0.0188522
1.0955,-0.0570102
1.096,-0.132859
1.0965,-0.20523
1.097,-0.270393
1.0975,-0.324678
1.098,-0.364852
1.0985,-0.388476
1.099,-0.394185
1.0995,-0.381827
1.1,-0.352459
1.1005,-0.308178
1.101,-0.251839
1.1015,-0.186706
1.102,-0.116104
1.1025,-0.043132
1.103,0.0295157
1.1035,0.0996062
1.104,0.165305
1.1045,0.225033
1.105,0.277301
1.1055,0.320564
1.106,0.353165
1.1065,0.37338
1.107,0.379581
1.1075,0.370473
1.108,0.34538
1.1085,0.304496
1.109,0.249057
1.1095,0.181381
1.11,0.104755
1.1105,0.0231835
1.111,-0.0589754
1.1115,-0.137418
1.112,-0.208284
1.1125,-0.268466
1.113,-0.315789
1.1135,-0.349041
1.114,-0.367874
1.1145,-0.372598
1.115,-0.363939
1.1155,-0.342805
1.116,-0.310134
1.1165,-0.26683
1.117,-0.213823
1.1175,-0.152204
1.118,-0.0834147
1.1185,-0.00941184
1.119,0.0672316
1.1195,0.143341
1.12,0.215285
1.1205,0.27925
1.121,0.331585
1.1215,0.36919
1.122,0.389855
1.1225,0.392496
1.123,0.377261
1.1235,0.345463
1.124,0.299376
1.1245,0.241927
1.125,0.176347
1.1255,0.105838
1.126,0.0333234
1.1265,-0.0386875
1.127,-0.10811
1.1275,-0.17319
1.128,-0.232347
1.1285,-0.284011
1.129,-0.326506
1.1295,-0.358032
1.13,-0.376753
1.1305,-0.380997
1.131,-0.369522
1.1315,-0.341802
1.132,-0.298259
1.1325,-0.240402
1.133,-0.170819
1.1335,-0.0930147
1.134,-0.0111195
1.1345,0.0704959
1.135,0.147629
1.1355,0.216615
1.136,0.274593
1.1365,0.319643
1.137,0.350768
1.1375,0.367759
1.138,0.370974
1.1385,0.361095
1.139,0.338926
1.1395,0.30527
1.14,0.260918
1.1405,0.206738
1.141,0.143844
1.1415,0.073782
1.142,-0.00131513
1.1425,-0.078664
1.143,-0.154889
1.1435,-0.226215
1.144,-0.288772
1.1445,-0.338969
1.145,-0.37387
1.1455,-0.391515
1.146,-0.391117
1.1465,-0.373108
1.147,-0.339038
1.1475,-0.291324
1.148,-0.232932
1.1485,-0.167027
1.149,-0.0966672
1.1495,-0.0245962
1.15,0.0468493
1.1505,0.115709
1.151,0.180279
1.1515,0.238944
1.152,0.29003
1.1525,0.331718
1.153,0.362068
1.1535,0.379153
1.154,0.381287
1.1545,0.367317
1.155,0.336894
1.1555,0.290695
1.156,0.230506
1.1565,0.159175
1.157,0.0804012
1.1575,-0.00159445
1.158,-0.0824653
1.1585,-0.158142
1.159,-0.225174
1.1595,-0.280955
1.16,-0.323806
1.1605,-0.352922
1.161,-0.3682
1.1615,-0.37001
1.162,-0.358969
1.1625,-0.335759
1.163,-0.301054
1.1635,-0.255547
1.164,-0.200074
1.1645,-0.135804
1.165,-0.0644175
1.1655,0.0117573
1.166,0.0897213
1.1665,0.165909
1.167,0.236424
1.1675,0.297378
1.168,0.345273
1.1685,0.37737
1.169,0.391979
1.1695,0.388609
1.17,0.367968
1.1705,0.33181
1.171,0.282665
1.1715,0.2235
1.172,0.157386
1.1725,0.0872241
1.173,0.0155781
1.1735,-0.0553723
1.174,-0.123765
1.1745,-0.187911
1.175,-0.246132
1.1755,-0.29663
1.176,-0.337436
1.1765,-0.366481
1.177,-0.381768
1.1775,-0.381633
1.178,-0.365041
1.1785,-0.331855
1.179,-0.283018
1.1795,-0.220598
1.18,-0.147687
1.1805,-0.0681463
1.181,0.0137454
1.1815,0.0937023
1.182,0.167817
1.1825,0.232869
1.183,0.286502
1.1835,0.327266
1.184,0.354515
1.1845,0.36822
1.185,0.368734
1.1855,0.356583
1.186,0.332321
1.1865,0.296501
1.187,0.249737
1.1875,0.192868
1.188,0.127145
1.1885,0.0544152
1.189,-0.022784
1.1895,-0.101237
1.19,-0.177205
1.1905,-0.246699
1.191,-0.305848
1.1915,-0.351282
1.192,-0.380488
1.1925,-0.392056
1.193,-0.385791
1.1935,-0.362657
1.194,-0.324587
1.1945,-0.274181
1.195,-0.214378
1.1955,-0.148132
1.196,-0.0781746
1.1965,-0.00689794
1.197,0.0636551
1.1975,0.131689
1.198,0.1955
1.1985,0.253319
1.199,0.303206
1.1995,0.343044
1.2,0.370648
1.2005,0.38398
1.201,0.381431
1.2015,0.362119
1.202,0.326144
1.2025,0.274727
1.203,0.210213
1.2035,0.135916
1.204,0.0558312
1.2045,-0.0257441
1.205,-0.104619
1.2055,-0.177072
1.206,-0.240123
1.2065,-0.291661
1.207,-0.33044
1.2075,-0.355946
1.208,-0.368189
1.2085,-0.367476
1.209,-0.354223
1.2095,-0.328858
1.21,-0.291822
1.2105,-0.243678
1.211,-0.185297
1.2115,-0.118049
1.212,-0.043967
1.2125,0.0341898
1.213,0.112996
1.2135,0.18856
1.214,0.256833
1.2145,0.313996
1.215,0.356844
1.2155,0.383109
1.216,0.391674
1.2165,0.38263
1.217,0.357173
1.2175,0.317379
1.218,0.265889
1.2185,0.205579
1.219,0.139266
1.2195,0.0695112
1.22,-0.00145551
1.2205,-0.0717027
1.221,-0.139471
1.2215,-0.203009
1.222,-0.260432
1.2225,-0.309649
1.223,-0.348399
1.2235,-0.374402
1.224,-0.385608
1.2245,-0.380497
1.225,-0.358375
1.2255,-0.319597
1.226,-0.26567
1.2265,-0.199203
1.227,-0.123712
1.2275,-0.043288
1.228,0.0377891
1.2285,0.115454
1.229,0.186193
1.2295,0.247267
1.23,0.2968
1.2305,0.333726
1.231,0.357628
1.2315,0.368523
1.232,0.366646
1.2325,0.352294
1.233,0.325767
1.2335,0.287414
1.234,0.237779
1.2345,0.177794
1.235,0.108978
1.2355,0.0335724
1.236,-0.0454384
1.2365,-0.12443
1.237,-0.199381
1.2375,-0.266221
1.238,-0.321219
1.2385,-0.361363
1.239,-0.384651
1.2395,-0.390263
1.24,-0.378557
1.2405,-0.350939
1.241,-0.309594
1.2415,-0.257166
1.242,-0.196443
1.2425,-0.13009
1.243,-0.0604994
1.2435,0.0102443
1.244,0.0802935
1.2445,0.147892
1.245,0.211212
1.2455,0.268235
1.246,0.316712
1.2465,0.354248
1.247,0.378492
1.2475,0.387417
1.248,0.379627
1.2485,0.354642
1.249,0.313091
1.2495,0.256766
1.25,0.188528
1.2505,0.11206
1.251,0.0315175
1.2515,-0.0488752
1.252,-0.125207
1.2525,-0.194184
1.253,-0.253311
1.2535,-0.300927
1.254,-0.336118
1.2545,-0.358532
1.255,-0.368161
1.2555,-0.365148
1.256,-0.349662
1.2565,-0.321884
1.257,-0.282095
1.2575,-0.230847
1.258,-0.169169
1.2585,-0.098758
1.259,-0.0220732
1.2595,0.0576729
1.26,0.136674
1.2605,0.210812
1.261,0.276025
1.2615,0.328708
1.262,0.36607
1.2625,0.386389
1.263,0.389134
1.2635,0.37492
1.264,0.345324
1.2645,0.302608
1.265,0.249387
1.2655,0.188335
1.266,0.121959
1.2665,0.0524883
1.267,-0.018117
1.2675,-0.088063
1.268,-0.155564
1.2685,-0.21869
1.269,-0.27527
1.2695,-0.322901
1.27,-0.359067
1.2705,-0.381377
1.271,-0.387858
1.2715,-0.377273
1.272,-0.349382
1.2725,-0.305097
1.273,-0.246494
1.2735,-0.176661
1.274,-0.09942
1.2745,-0.0189507
1.275,0.0606097
1.2755,0.135529
1.276,0.202742
1.2765,0.25999
1.277,0.305806
1.2775,0.339396
1.278,0.360441
1.2785,0.36888
1.279,0.364745
1.2795,0.348078
1.28,0.318955
1.2805,0.277612
1.281,0.224644
1.2815,0.161211
1.282,0.0892057
1.2825,0.011322
1.283,-0.0690091
1.2835,-0.14782
1.284,-0.220927
1.2845,-0.284317
1.285,-0.334542
1.2855,-0.369055
1.286,-0.386423
1.2865,-0.386396
1.287,-0.36982
1.2875,-0.338416
1.288,-0.294482
1.2885,-0.240576
1.289,-0.179241
1.2895,-0.112822
1.29,-0.0433963
1.2905,0.0271745
1.291,0.0971184
1.2915,0.16459
1.292,0.227532
1.2925,0.283614
1.293,0.330281
1.2935,0.364921
1.294,0.38513
1.2945,0.389027
1.295,0.375565
1.2955,0.344765
1.296,0.29783
1.2965,0.237105
1.297,0.165884
1.2975,0.0880911
1.298,0.00789402
1.2985,-0.0706891
1.299,-0.144123
1.2995,-0.209578
1.3,-0.265016
1.3005,-0.309142
1.301,-0.341249
1.3015,-0.361016
1.302,-0.368306
1.3025,-0.36303
1.303,-0.345104
1.3035,-0.314517
1.304,-0.271494
1.3045,-0.216702
1.305,-0.151462
1.3055,-0.0778843
1.306,0.00110145
1.3065,0.0818559
1.307,0.160277
1.3075,0.23215
1.308,0.293545
1.3085,0.341206
1.309,0.372845
1.3095,0.38732
1.31,0.384651
1.3105,0.365885
1.311,0.332852
1.3115,0.287854
1.312,0.233366
1.3125,0.171783
1.313,0.105291
1.3135,0.0358343
1.314,-0.0347972
1.3145,-0.104821
1.315,-0.172302
1.3155,-0.235037
1.316,-0.290531
1.3165,-0.336089
1.317,-0.369026
1.3175,-0.386959
1.318,-0.388136
1.3185,-0.371727
1.319,-0.338031
1.3195,-0.288541
1.32,-0.225857
1.3205,-0.153447
1.321,-0.0753029
1.3215,0.00445442
1.322,0.0819539
1.3225,0.153872
1.323,0.217612
1.3235,0.271341
1.324,0.313904
1.3245,0.344649
1.325,0.363224
1.3255,0.369395
1.326,0.362944
1.3265,0.343672
1.327,0.311504
1.3275,0.266683
1.328,0.209986
1.3285,0.142918
1.329,0.0678218
1.3295,-0.0121365
1.33,-0.0931272
1.3305,-0.170943
1.331,-0.241374
1.3315,-0.300612
1.332,-0.345613
1.3325,-0.374369
1.333,-0.386022
1.3335,-0.380843
1.334,-0.36005
1.3345,-0.325547
1.335,-0.279609
1.3355,-0.224601
1.336,-0.162768
1.3365,-0.096141
1.337,-0.0265533
1.3375,0.0442455
1.338,0.11443
1.3385,0.181951
1.339,0.244443
1.3395,0.299247
1.34,0.343545
1.3405,0.374607
1.341,0.390109
1.3415,0.388457
1.342,0.369065
1.3425,0.332521
1.343,0.280605
1.3435,0.216149
1.344,0.142764
1.3445,0.0644719
1.345,-0.0146871
1.3455,-0.0910121
1.346,-0.161401
1.3465,-0.223479
1.347,-0.2756
1.3475,-0.316716
1.348,-0.3462
1.3485,-0.363639
1.349,-0.368685
1.3495,-0.360993
1.35,-0.340261
1.3505,-0.306379
1.351,-0.259642
1.3515,-0.200964
1.352,-0.132061
1.3525,-0.0555193
1.353,0.0252681
1.3535,0.106302
1.354,0.183303
1.3545,0.252104
1.355,0.309049
1.3555,0.351334
1.356,0.377232
1.3565,0.386165
1.357,0.378629
1.3575,0.355983
1.358,0.320168
1.3585,0.273403
1.359,0.217926
1.3595,0.155826
1.36,0.088996
1.3605,0.0191821
1.361,-0.0518744
1.3615,-0.122275
1.362,-0.189831
1.3625,-0.252008
1.363,-0.305989
1.3635,-0.348852
1.364,-0.377857
1.3645,-0.390772
1.365,-0.386193
1.3655,-0.363801
1.366,-0.324478
1.3665,-0.270276
1.367,-0.204238
1.3675,-0.130082
1.368,-0.0518245
1.3685,0.026607
1.369,0.1017
1.3695,0.170576
1.37,0.231073
1.3705,0.281701
1.371,0.321492
1.3715,0.349806
1.372,0.36615
1.3725,0.370051
1.373,0.361038
1.3735,0.338728
1.374,0.303008
1.3745,0.254252
1.375,0.193549
1.3755,0.12284
1.376,0.0449583
1.3765,-0.0364857
1.377,-0.117351
1.3775,-0.193321
1.378,-0.260307
1.3785,-0.314837
1.379,-0.354365
1.3795,-0.377448
1.38,-0.383774
1.3805,-0.374035
1.381,-0.349697
1.3815,-0.312706
1.382,-0.265197
1.3825,-0.209269
1.383,-0.14686
1.3835,-0.0797398
1.384,-0.00959666
1.3845,0.0618042
1.385,0.132462
1.3855,0.200031
1.386,0.261802
1.3865,0.314812
1.387,0.356066
1.3875,0.382841
1.388,0.393034
1.3885,0.385464
1.389,0.36009
1.3895,0.318089
1.39,0.261772
1.3905,0.19436
1.391,0.119643
1.3915,0.0415957
1.392,-0.0359933
1.3925,-0.109814
1.393,-0.177211
1.3935,-0.236214
1.394,-0.285464
1.3945,-0.324035
1.395,-0.351251
1.3955,-0.366513
1.396,-0.369219
1.3965,-0.358784
1.397,-0.334768
1.3975,-0.29708
1.398,-0.246216
1.3985,-0.183457
1.399,-0.110991
1.3995,-0.0318927
1.4,0.0500266
1.4005,0.130514
1.401,0.205253
1.4015,0.270267
1.402,0.322296
1.4025,0.359064
1.403,0.379409
1.4035,0.383262
1.404,0.371485
1.4045,0.345615
1.405,0.30757
1.4055,0.25938
1.406,0.202999
1.4065,0.14022
1.407,0.0727133
1.4075,0.00214046
1.408,-0.0696777
1.4085,-0.140612
1.409,-0.208144
1.4095,-0.269394
1.41,-0.321268
1.4105,-0.360725
1.411,-0.3851
1.4115,-0.39245
1.412,-0.38184
1.4125,-0.353521
1.413,-0.308959
1.4135,-0.250701
1.414,-0.182116
1.4145,-0.107028
1.415,-0.029339
1.4155,0.0473257
1.416,0.119868
1.4165,0.185843
1.417,0.243456
1.4175,0.291443
1.418,0.328893
1.4185,0.355061
1.419,0.369231
1.4195,0.370671
1.42,0.358698
1.4205,0.33284
1.421,0.293067
1.4215,0.240023
1.422,0.175209
1.4225,0.101064
1.423,0.0209019
1.4235,-0.0612905
1.424,-0.141182
1.4245,-0.21449
1.425,-0.277388
1.4255,-0.326848
1.426,-0.360871
1.4265,-0.378569
1.427,-0.380093
1.4275,-0.36644
1.428,-0.339184
1.4285,-0.300186
1.429,-0.251355
1.4295,-0.194494
1.43,-0.13127
1.4305,-0.0632756
1.431,0.00782139
1.4315,0.0801134
1.432,0.151321
1.4325,0.218745
1.433,0.279339
1.4335,0.329905
1.434,0.367385
1.4345,0.389206
1.435,0.39362
1.4355,0.379957
1.436,0.348765
1.4365,0.301787
1.437,0.241782
1.4375,0.17223
1.438,0.0969565
1.4385,0.0197556
1.439,-0.0559266
1.4395,-0.127205
1.44,-0.191836
1.4405,-0.248169
1.441,-0.295007
1.4415,-0.33142
1.442,-0.356572
1.4425,-0.369618
1.443,-0.369702
1.4435,-0.356062
1.444,-0.328227
1.4445,-0.286259
1.445,-0.230981
1.4455,-0.164133
1.446,-0.0884103
1.4465,-0.00735096
1.447,0.0749086
1.4475,0.153992
1.448,0.225691
1.4485,0.286356
1.449,0.33321
1.4495,0.364534
1.45,0.379694
1.4505,0.379039
1.451,0.363666
1.4515,0.335152
1.452,0.295277
1.4525,0.245814
1.453,0.188425
1.4535,0.124663
1.454,0.056077
1.4545,-0.015629
1.455,-0.0884316
1.4555,-0.159882
1.456,-0.227097
1.4565,-0.286879
1.457,-0.335948
1.4575,-0.371266
1.458,-0.390388
1.4585,-0.391787
1.459,-0.375077
1.4595,-0.341103
1.46,-0.291868
1.4605,-0.230314
1.461,-0.159996
1.4615,-0.0847029
1.462,-0.00809871
1.4625,0.0665648
1.463,0.136613
1.4635,0.199985
1.464,0.255147
1.4645,0.300937
1.465,0.336373
1.4655,0.360511
1.466,0.372373
1.4665,0.37099
1.467,0.355546
1.4675,0.325602
1.468,0.281346
1.4685,0.223807
1.469,0.154977
1.4695,0.0778048
1.47,-0.00396438
1.4705,-0.086075
1.471,-0.164144
1.4715,-0.23407
1.472,-0.292408
1.4725,-0.336646
1.473,-0.365338
1.4735,-0.37809
1.474,-0.375412
1.4745,-0.358471
1.475,-0.328815
1.4755,-0.288119
1.476,-0.238017
1.4765,-0.180035
1.477,-0.115637
1.4775,-0.046359
1.478,0.0260262
1.4785,0.0993539
1.479,0.170992
1.4795,0.237878
1.48,0.296678
1.4805,0.344061
1.481,0.377044
1.4815,0.393344
1.482,0.391681
1.4825,0.371962
1.483,0.335323
1.4835,0.284005
1.484,0.221101
1.4845,0.150206
1.485,0.07504
1.4855,-0.000888287
1.486,-0.0745276
1.4865,-0.143406
1.487,-0.20562
1.4875,-0.259726
1.488,-0.304558
1.4885,-0.339062
1.489,-0.36217
1.4895,-0.37277
1.49,-0.369797
1.4905,-0.352409
1.491,-0.320233
1.4915,-0.273616
1.492,-0.213813
1.4925,-0.14308
1.493,-0.0646106
1.4935,0.0176658
1.494,0.0994077
1.4945,0.176262
1.495,0.244269
1.4955,0.30021
1.496,0.341844
1.4965,0.36799
1.497,0.378469
1.4975,0.373922
1.498,0.355548
1.4985,0.324839
1.499,0.283351
1.4995,0.232576
1.5,0.173919
1.5005,0.108782
1.501,0.0387182
1.5015,-0.0343997
1.502,-0.108244
1.5025,-0.179992
1.503,-0.246407
1.5035,-0.304042
1.504,-0.34955
1.5045,-0.380038
1.505,-0.393417
1.5055,-0.388673
1.506,-0.366013
1.5065,-0.32685
1.507,-0.273641
1.5075,-0.209592
1.508,-0.138301
1.5085,-0.0633914
1.509,0.0118014
1.5095,0.0844293
1.51,0.152208
1.5105,0.21337
1.511,0.266522
1.5115,0.31047
1.512,0.344062
1.5125,0.366094
1.513,0.375332
1.5135,0.370631
1.514,0.351156
1.5145,0.316634
1.515,0.267598
1.5155,0.205553
1.516,0.133017
1.5165,0.0534157
1.517,-0.0291623
1.5175,-0.110326
1.518,-0.185788
1.5185,-0.251761
1.519,-0.30527
1.5195,-0.344344
1.52,-0.368055
1.5205,-0.37641
1.521,-0.370147
1.5215,-0.350466
1.522,-0.318775
1.5225,-0.276502
1.523,-0.225001
1.5235,-0.165576
1.524,-0.0995946
1.5245,-0.0286605
1.525,0.0452241
1.5255,0.119551
1.526,0.191303
1.5265,0.257084
1.527,0.313362
1.5275,0.356804
1.528,0.384646
1.5285,0.395021
1.529,0.387197
1.5295,0.361679
1.53,0.320143
1.5305,0.265228
1.531,0.200222
1.5315,0.128692
1.532,0.054135
1.5325,-0.0202972
1.533,-0.0919565
1.5335,-0.158728
1.534,-0.218949
1.5345,-0.271247
1.535,-0.314369
1.5355,-0.347046
1.536,-0.367938
1.5365,-0.375695
1.537,-0.369123
1.5375,-0.347424
1.538,-0.310459
1.5385,-0.258974
1.539,-0.194737
1.5395,-0.120527
1.54,-0.0399844
1.5405,0.0426762
1.541,0.12305
1.5415,0.196951
1.542,0.260788
1.5425,0.311846
1.543,0.348419
1.5435,0.36981
1.544,0.376184
1.5445,0.36834
1.545,0.34745
1.5455,0.314818
1.546,0.271737
1.5465,0.219434
1.547,0.159133
1.5475,0.0922013
1.548,0.0203245
1.5485,-0.0543413
1.549,-0.129094
1.5495,-0.200726
1.55,-0.2657
1.5505,-0.320428
1.551,-0.36163
1.5515,-0.386703
1.552,-0.394025
1.5525,-0.383159
1.553,-0.354902
1.5535,-0.311169
1.554,-0.254753
1.5545,-0.188983
1.555,-0.117362
1.5555,-0.0432417
1.556,0.0304185
1.5565,0.101161
1.557,0.167018
1.5575,0.2264
1.558,0.277924
1.5585,0.320252
1.559,0.351984
1.5595,0.371644
1.56,0.377786
1.5605,0.369194
1.561,0.34514
1.5615,0.305651
1.562,0.251711
1.5625,0.185356
1.563,0.109619
1.5635,0.0283328
1.564,-0.0541965
1.5645,-0.133587
1.565,-0.205788
1.5655,-0.267427
1.566,-0.316052
1.5665,-0.350214
1.567,-0.369424
1.5675,-0.373971
1.568,-0.364683
1.5685,-0.342672
1.569,-0.309128
1.5695,-0.265205
1.57,-0.212017
1.5705,-0.150738
1.571,-0.0827665
1.5715,-0.00989944
1.572,0.0655307
1.5725,0.14062
1.573,0.21198
1.5735,0.275953
1.574,0.32893
1.5745,0.36772
1.575,0.389911
1.5755,0.394149
1.576,0.380296
1.5765,0.349427
1.577,0.303674
1.5775,0.245944
1.578,0.179576
1.5785,0.10798
1.579,0.0343421
1.5795,-0.03857
1.58,-0.108475
1.5805,-0.173527
1.581,-0.232175
1.5815,-0.282998
1.582,-0.324548
1.5825,-0.355287
1.583,-0.37361
1.5835,-0.377997
1.584,-0.367239
1.5845,-0.340715
1.585,-0.298648
1.5855,-0.242278
1.586,-0.17391
1.5865,-0.0968205
1.587,-0.0150048
1.5875,0.0671739
1.588,0.145393
1.5885,0.215767
1.589,0.27516
1.5895,0.321382
1.59,0.353229
1.5905,0.370389
1.591,0.373245
1.5915,0.362619
1.592,0.339542
1.5925,0.305075
1.593,0.260241
1.5935,0.206063
1.594,0.143692
1.5945,0.0745897
1.595,0.000694841
1.5955,-0.0754677
1.596,-0.15079
1.5965,-0.221716
1.597,-0.284497
1.5975,-0.335536
1.598,-0.371767
1.5985,-0.390999
1.599,-0.39216
1.5995,-0.375411
1.6,-0.342088
1.6005,-0.294507
1.601,-0.23566
1.6015,-0.168857
1.602,-0.0973893
1.6025,-0.0242678
1.603,0.0479288
1.6035,0.117077
1.604,0.181421
1.6045,0.239421
1.605,0.289584
1.6055,0.330339
1.606,0.360002
1.6065,0.376856
1.607,0.379329
1.6075,0.366257
1.608,0.337157
1.6085,0.292474
1.609,0.233716
1.6095,0.163458
1.61,0.0851981
1.6105,0.00306373
1.611,-0.0785612
1.6115,-0.15545
1.612,-0.223905
1.6125,-0.281042
1.613,-0.324928
1.6135,-0.354582
1.614,-0.369842
1.6145,-0.371146
1.615,-0.359285
1.6155,-0.335185
1.616,-0.299776
1.6165,-0.253961
1.617,-0.198692
1.6175,-0.135132
1.618,-0.0648367
1.6185,0.0100889
1.619,0.0869143
1.6195,0.162332
1.62,0.232637
1.6205,0.294018
1.621,0.342929
1.6215,0.376464
1.622,0.392673
1.6225,0.390782
1.623,0.371238
1.6235,0.335619
1.624,0.286396
1.6245,0.226604
1.625,0.159495
1.6255,0.0882208
1.626,0.0156098
1.6265,-0.0559384
1.627,-0.124434
1.6275,-0.188183
1.628,-0.245621
1.6285,-0.295159
1.629,-0.335088
1.6295,-0.363585
1.63,-0.378835
1.6305,-0.379246
1.631,-0.363729
1.6315,-0.331975
1.632,-0.284671
1.6325,-0.223603
1.633,-0.151609
1.6335,-0.0723814
1.634,0.00985072
1.6345,0.090721
1.635,0.166129
1.6355,0.232592
1.636,0.287476
1.6365,0.3291
1.637,0.356681
1.6375,0.370174
1.638,0.370039
1.6385,0.357007
1.639,0.331889
1.6395,0.29548
1.64,0.248579
1.6405,0.192099
1.641,0.127244
1.6415,0.0556951
1.642,-0.0202541
1.6425,-0.0976618
1.643,-0.173029
1.6435,-0.242525
1.644,-0.302313
1.6445,-0.348931
1.645,-0.379663
1.6455,-0.392827
1.646,-0.387944
1.6465,-0.36574
1.647,-0.328009
1.6475,-0.277339
1.648,-0.216776
1.6485,-0.149484
1.649,-0.0784578
1.6495,-0.00634352
1.65,0.0646239
1.6505,0.132562
1.651,0.195805
1.6515,0.252735
1.652,0.301646
1.6525,0.340682
1.653,0.36789
1.6535,0.381377
1.654,0.379565
1.6545,0.361474
1.655,0.326999
1.6555,0.277087
1.656,0.213804
1.6565,0.140235
1.657,0.060243
1.6575,-0.0218799
1.658,-0.10182
1.6585,-0.175635
1.659,-0.240069
1.6595,-0.292744
1.66,-0.332212
1.6605,-0.357861
1.661,-0.369729
1.6615,-0.368269
1.662,-0.354126
1.6625,-0.327984
1.663,-0.290515
1.6635,-0.242431
1.664,-0.184636
1.6645,-0.118407
1.665,-0.0455813
1.6655,0.0313445
1.666,0.109214
1.6665,0.184353
1.667,0.252831
1.6675,0.310821
1.668,0.354983
1.6685,0.382818
1.669,0.392927
1.6695,0.385123
1.67,0.360398
1.6705,0.320729
1.671,0.268787
1.6715,0.207595
1.672,0.140204
1.6725,0.0694416
1.673,-0.0022248
1.6735,-0.0727047
1.674,-0.140194
1.6745,-0.203023
1.675,-0.259492
1.6755,-0.30776
1.676,-0.345825
1.6765,-0.371612
1.677,-0.383183
1.6775,-0.379002
1.678,-0.358238
1.6785,-0.321009
1.679,-0.268542
1.6795,-0.203177
1.68,-0.128227
1.6805,-0.0476933
1.681,0.0341044
1.6815,0.112941
1.682,0.185056
1.6825,0.247434
1.683,0.297948
1.6835,0.335362
1.684,0.359205
1.6845,0.369565
1.685,0.366857
1.6855,0.351622
1.686,0.324415
1.6865,0.285791
1.687,0.236405
1.6875,0.17718
1.688,0.109501
1.6885,0.0353835
1.689,-0.0424596
1.6895,-0.120662
1.69,-0.195392
1.6905,-0.262655
1.691,-0.318668
1.6915,-0.360246
1.692,-0.385132
1.6925,-0.392218
1.693,-0.381608
1.6935,-0.35453
1.694,-0.313117
1.6945,-0.260084
1.695,-0.198402
1.6955,-0.130986
1.696,-0.0604913
1.6965,0.0107822
1.697,0.0808654
1.6975,0.148002
1.698,0.210485
1.6985,0.266508
1.699,0.314084
1.6995,0.351065
1.7,0.375278
1.7005,0.384764
1.701,0.378068
1.7015,0.354536
1.702,0.314536
1.7025,0.259579
1.703,0.192271
1.7035,0.116129
1.704,0.035261
1.7045,-0.0460247
1.705,-0.123623
1.7055,-0.193977
1.706,-0.254317
1.7065,-0.302756
1.707,-0.338245
1.7075,-0.360424
1.708,-0.369396
1.7085,-0.365511
1.709,-0.349195
1.7095,-0.320872
1.71,-0.281
1.7105,-0.230202
1.711,-0.169455
1.7115,-0.100283
1.712,-0.0248981
1.7125,0.0537618
1.713,0.132131
1.7135,0.206246
1.714,0.272079
1.7145,0.325928
1.715,0.364796
1.7155,0.386689
1.716,0.390794
1.7165,0.377491
1.717,0.348223
1.7175,0.305239
1.718,0.251269
1.7185,0.189197
1.719,0.121792
1.7195,0.0515356
1.72,-0.0194263
1.7205,-0.0892187
1.721,-0.156099
1.7215,-0.218296
1.722,-0.273875
1.7225,-0.320694
1.723,-0.35647
1.7235,-0.378954
1.724,-0.386199
1.7245,-0.376866
1.725,-0.350506
1.7255,-0.307758
1.726,-0.250415
1.7265,-0.181338
1.727,-0.10422
1.7275,-0.0232378
1.728,0.0573466
1.7285,0.133578
1.729,0.202119
1.7295,0.260446
1.73,0.306894
1.7305,0.340577
1.731,0.36121
1.7315,0.368881
1.732,0.363854
1.7325,0.346426
1.733,0.316902
1.7335,0.275662
1.734,0.223328
1.7345,0.160964
1.735,0.0902581
1.7355,0.0136401
1.736,-0.0657289
1.7365,-0.144099
1.737,-0.2174
1.7375,-0.28161
1.738,-0.333144
1.7385,-0.36922
1.739,-0.388122
1.7395,-0.389329
1.74,-0.373482
1.7405,-0.342206
1.741,-0.297835
1.7415,-0.243076
1.742,-0.180707
1.7425,-0.113336
1.743,-0.0432772
1.7435,0.0274562
1.744,0.0970539
1.7445,0.163757
1.745,0.225697
1.7455,0.280798
1.746,0.326763
1.7465,0.361185
1.747,0.381767
1.7475,0.386609
1.748,0.37452
1.7485,0.345285
1.749,0.299824
1.7495,0.240212
1.75,0.169542
1.7505,0.0916525
1.751,0.0107537
1.7515,-0.0689745
1.752,-0.143751
1.7525,-0.21047
1.753,-0.266847
1.7535,-0.311421
1.754,-0.343437
1.7545,-0.36265
1.755,-0.369107
1.7555,-0.362964
1.756,-0.344391
1.7565,-0.31358
1.757,-0.270863
1.7575,-0.21689
1.758,-0.152845
1.7585,-0.0806067
1.759,-0.00283149
1.7595,0.0771003
1.76,0.155273
1.7605,0.227547
1.761,0.289937
1.7615,0.33901
1.762,0.372224
1.7625,0.38815
1.763,0.386553
1.7635,0.368311
1.764,0.335201
1.7645,0.289603
1.765,0.234173
1.7655,0.171562
1.766,0.104211
1.7665,0.0342786
1.767,-0.0363303
1.7675,-0.105839
1.768,-0.172439
1.7685,-0.234146
1.769,-0.288725
1.7695,-0.333728
1.77,-0.366647
1.7705,-0.385164
1.771,-0.387463
1.7715,-0.372533
1.772,-0.340415
1.7725,-0.292315
1.773,-0.230584
1.7735,-0.158523
1.774,-0.0800811
1.7745,0.000535472
1.775,0.0792597
1.7755,0.152506
1.776,0.217405
1.7765,0.2719
1.777,0.314709
1.7775,0.345176
1.778,0.363066
1.7785,0.368355
1.779,0.36108
1.7795,0.341286
1.78,0.309072
1.7805,0.264745
1.781,0.209023
1.7815,0.143235
1.782,0.0694737
1.7825,-0.00937241
1.783,-0.0897135
1.7835,-0.167495
1.784,-0.238537
1.7845,-0.298932
1.785,-0.345431
1.7855,-0.37575
1.786,-0.388751
1.7865,-0.384472
1.787,-0.364003
1.7875,-0.329239
1.788,-0.282572
1.7885,-0.22658
1.789,-0.163767
1.7895,-0.0964138
1.79,-0.0265363
1.7905,0.0440414
1.791,0.113544
1.7915,0.180085
1.792,0.241538
1.7925,0.29551
1.793,0.33941
1.7935,0.370651
1.794,0.386928
1.7945,0.386543
1.795,0.368696
1.7955,0.333701
1.796,0.283055
1.7965,0.219363
1.797,0.146112
1.7975,0.0673232
1.798,-0.0128365
1.7985,-0.0904422
1.799,-0.162119
1.7995,-0.225234
1.8,-0.277943
1.8005,-0.319115
1.801,-0.34816
1.8015,-0.36482
1.802,-0.36898
1.8025,-0.360551
1.803,-0.339457
1.8035,-0.305729
1.804,-0.259681
1.8045,-0.202126
1.805,-0.134574
1.8055,-0.0593402
1.806,0.0204501
1.8065,0.101015
1.807,0.178188
1.8075,0.247787
1.808,0.306019
1.8085,0.349843
1.809,0.377249
1.8095,0.38739
1.81,0.38056
1.8105,0.358029
1.811,0.321774
1.8115,0.274169
1.812,0.217685
1.8125,0.154677
1.813,0.0872656
1.8135,0.017347
1.814,-0.0533063
1.8145,-0.122888
1.815,-0.189405
1.8155,-0.250577
1.816,-0.303847
1.8165,-0.346498
1.817,-0.375891
1.8175,-0.389771
1.818,-0.38659
1.8185,-0.365786
1.819,-0.327957
1.8195,-0.274888
1.82,-0.209422
1.8205,-0.135195
1.821,-0.0562667
1.8215,0.0232703
1.822,0.0996582
1.8225,0.169744
1.823,0.231122
1.8235,0.282144
1.824,0.321797
1.8245,0.349524
1.825,0.365017
1.8255,0.368051
1.826,0.358408
1.8265,0.335907
1.827,0.300534
1.8275,0.252642
1.828,0.193175
1.8285,0.123844
1.829,0.0472019
1.8295,-0.0333975
1.83,-0.113999
1.8305,-0.190358
1.831,-0.258326
1.8315,-0.314256
1.832,-0.355343
1.8325,-0.379859
1.833,-0.387239
1.8335,-0.378011
1.834,-0.353594
1.8345,-0.316012
1.835,-0.267588
1.8355,-0.210672
1.836,-0.14746
1.8365,-0.0799284
1.837,-0.00987609
1.8375,0.0609441
1.838,0.130664
1.8385,0.197158
1.839,0.257983
1.8395,0.310422
1.84,0.351652
1.8405,0.379015
1.841,0.390339
1.8415,0.384259
1.842,0.360474
1.8425,0.319874
1.843,0.264519
1.8435,0.197469
1.844,0.122472
1.8445,0.043593
1.845,-0.0351838
1.8455,-0.110287
1.846,-0.17879
1.8465,-0.238506
1.847,-0.287952
1.8475,-0.326207
1.848,-0.352714
1.8485,-0.367087
1.849,-0.368983
1.8495,-0.358057
1.85,-0.334039
1.8505,-0.2969
1.851,-0.247067
1.8515,-0.185643
1.852,-0.114559
1.8525,-0.0366145
1.853,0.0446218
1.8535,0.125047
1.854,0.200371
1.8545,0.266519
1.855,0.320019
1.8555,0.358322
1.856,0.379986
1.8565,0.384717
1.857,0.373247
1.8575,0.34711
1.858,0.308344
1.8585,0.259195
1.859,0.201873
1.8595,0.138421
1.86,0.070683
1.8605,0.00039079
1.861,-0.0706905
1.8615,-0.1406
1.862,-0.207064
1.8625,-0.267465
1.863,-0.31894
1.8635,-0.358584
1.864,-0.38375
1.8645,-0.392386
1.865,-0.383339
1.8655,-0.356586
1.866,-0.313308
1.8665,-0.25583
1.867,-0.187396
1.8675,-0.111836
1.868,-0.0331788
1.8685,0.044725
1.869,0.118505
1.8695,0.185461
1.87,0.243607
1.8705,0.291598
1.871,0.32857
1.8715,0.353935
1.872,0.367211
1.8725,0.367924
1.873,0.355614
1.8735,0.329945
1.874,0.290903
1.8745,0.239025
1.875,0.1756
1.8755,0.102797
1.876,0.023658
1.8765,-0.0580454
1.877,-0.138092
1.8775,-0.212184
1.878,-0.276351
1.8785,-0.32733
1.879,-0.362839
1.8795,-0.381721
1.88,-0.383932
1.8805,-0.370383
1.881,-0.342688
1.8815,-0.302866
1.882,-0.253061
1.8825,-0.195338
1.883,-0.131592
1.8835,-0.0635573
1.884,0.00707202
1.8845,0.0784865
1.885,0.148607
1.8855,0.214992
1.886,0.274856
1.8865,0.325201
1.887,0.363071
1.8875,0.385865
1.888,0.391685
1.8885,0.379619
1.889,0.349929
1.8895,0.30409
1.89,0.244668
1.8905,0.175058
1.891,0.0991358
1.8915,0.0208611
1.892,-0.0560739
1.8925,-0.128512
1.893,-0.193969
1.8935,-0.250643
1.894,-0.297297
1.8945,-0.333089
1.895,-0.357373
1.8955,-0.369554
1.896,-0.369027
1.8965,-0.355229
1.897,-0.327786
1.8975,-0.286731
1.898,-0.232739
1.8985,-0.167314
1.899,-0.0928689
1.8995,-0.0126861
1.9,0.069283
1.9005,0.148731
1.901,0.221389
1.9015,0.283428
1.902,0.331812
1.9025,0.364539
1.903,0.380727
1.9035,0.380561
1.904,0.365097
1.9045,0.335995
1.905,0.295224
1.9055,0.244809
1.906,0.186665
1.9065,0.12255
1.907,0.0541165
1.9075,-0.0169494
1.908,-0.0887622
1.9085,-0.159099
1.909,-0.225344
1.9095,-0.284545
1.91,-0.333594
1.9105,-0.369509
1.911,-0.389776
1.9115,-0.392681
1.912,-0.377573
1.9125,-0.345011
1.913,-0.296749
1.9135,-0.23557
1.914,-0.164991
1.9145,-0.0888922
1.915,-0.0111357
1.9155,0.064765
1.916,0.135869
1.9165,0.199899
1.917,0.255208
1.9175,0.300637
1.918,0.335335
1.9185,0.358572
1.919,0.369628
1.9195,0.367774
1.92,0.35236
1.9205,0.323003
1.921,0.27982
1.9215,0.223655
1.922,0.156242
1.9225,0.0802496
1.923,-0.000814824
1.9235,-0.0828447
1.924,-0.161482
1.9245,-0.232521
1.925,-0.292307
1.9255,-0.338054
1.926,-0.368036
1.9265,-0.381639
1.927,-0.379248
1.9275,-0.362031
1.928,-0.331659
1.9285,-0.290025
1.929,-0.239022
1.9295,-0.180418
1.93,-0.115851
1.9305,-0.0469175
1.931,0.0246706
1.9315,0.0969221
1.932,0.167452
1.9325,0.233465
1.933,0.291852
1.9335,0.33942
1.934,0.373199
1.9345,0.390793
1.935,0.390703
1.9355,0.372558
1.936,0.337212
1.9365,0.286684
1.937,0.223947
1.9375,0.152601
1.938,0.076499
1.9385,-0.000625465
1.939,-0.0754517
1.9395,-0.145253
1.94,-0.207942
1.9405,-0.262
1.941,-0.306313
1.9415,-0.339988
1.942,-0.362193
1.9425,-0.372078
1.943,-0.368795
1.9435,-0.351634
1.944,-0.320235
1.9445,-0.274829
1.945,-0.216459
1.9455,-0.147104
1.946,-0.069687
1.9465,0.0120757
1.947,0.093952
1.9475,0.171569
1.948,0.240822
1.9485,0.298256
1.949,0.341347
1.9495,0.368649
1.95,0.379791
1.9505,0.37533
1.951,0.356514
1.9515,0.324992
1.952,0.282559
1.9525,0.230966
1.953,0.171842
1.9535,0.106726
1.954,0.0371908
1.9545,-0.0349939
1.955,-0.107705
1.9555,-0.178382
1.956,-0.244047
1.9565,-0.301456
1.957,-0.347355
1.9575,-0.378823
1.958,-0.393616
1.9585,-0.390477
1.959,-0.369326
1.9595,-0.331308
1.96,-0.278687
1.9605,-0.214593
1.961,-0.142676
1.9615,-0.0667234
1.962,0.00968016
1.9625,0.0834169
1.963,0.151968
1.9635,0.213414
1.964,0.266333
1.9645,0.309624
1.965,0.342327
1.9655,0.363491
1.966,0.372132
1.9665,0.367302
1.967,0.348255
1.9675,0.314688
1.968,0.266981
1.9685,0.206396
1.969,0.135171
1.9695,0.0564734
1.97,-0.0257906
1.9705,-0.107296
1.971,-0.183693
1.9715,-0.251011
1.972,-0.306019
1.9725,-0.346463
1.973,-0.371167
1.9735,-0.379984
1.974,-0.373611
1.9745,-0.353336
1.975,-0.320762
1.9755,-0.277565
1.976,-0.225354
1.9765,-0.16563
1.977,-0.0998623
1.9775,-0.0296276
1.978,0.0432142
1.9785,0.116385
1.979,0.187138
1.9795,0.252321
1.98,0.308572
1.9805,0.352613
1.981,0.381605
1.9815,0.393492
1.982,0.387276
1.9825,0.363175
1.983,0.322618
1.9835,0.268089
1.984,0.202841
1.9845,0.130533
1.985,0.0548633
1.9855,-0.020756
1.986,-0.0934123
1.9865,-0.160781
1.987,-0.221089
1.9875,-0.272977
1.988,-0.315324
1.9885,-0.34708
1.989,-0.367164
1.9895,-0.374464
1.99,-0.367951
1.9905,-0.346875
1.991,-0.311022
1.9915,-0.26095
1.992,-0.198162
1.9925,-0.12516
1.993,-0.0453451
1.9935,0.037215
1.994,0.118137
1.9945,0.19313
1.995,0.25839
1.9955,0.310926
1.996,0.34876
1.9965,0.370972
1.997,0.37761
1.9975,0.369479
1.998,0.347877
1.9985,0.314329
1.999,0.270384
1.9995,0.217509
