0,2.09114e-18
0.0005,0.00106903
0.001,0.00350422
0.0015,0.00712164
0.002,0.0112732
0.0025,0.0149897
0.003,0.0172195
0.0035,0.0171048
0.004,0.0142317
0.0045,0.00878793
0.005,0.00158627
0.0055,-0.00606115
0.006,-0.0125978
0.0065,-0.0165561
0.007,-0.0168979
0.0075,-0.0132848
0.008,-0.00621437
0.0085,0.00301656
0.009,0.0125246
0.0095,0.0201919
0.01,0.0240919
0.0105,0.0229019
0.011,0.0162167
0.0115,0.00469549
0.012,-0.00999765
0.0125,-0.0254525
0.013,-0.0389287
0.0135,-0.0478508
0.014,-0.0502878
0.0145,-0.0453259
0.015,-0.0332603
0.0155,-0.0155704
0.016,0.0053177
0.0165,0.0264352
0.017,0.0447628
0.0175,0.0577171
0.018,0.0635418
0.0185,0.0615328
0.019,0.0520628
0.0195,0.0364103
0.02,0.0164373
0.0205,-0.00581297
0.021,-0.0285136
0.0215,-0.0503689
0.022,-0.070787
0.0225,-0.0898864
0.023,-0.108346
0.0235,-0.12714
0.024,-0.147224
0.0245,-0.169243
0.025,0.253721
0.0255,0.397808
0.026,0.416682
0.0265,0.316325
0.027,0.127975
0.0275,-0.0990918
0.028,-0.308558
0.0285,-0.449596
0.029,-0.48787
0.0295,-0.413129
0.03,-0.241078
0.0305,-0.00975188
0.031,0.229025
0.0315,0.421358
0.032,0.523387
0.0325,0.511078
0.033,0.385666
0.0335,0.173659
0.034,-0.0790726
0.0345,-0.317064
0.035,-0.487759
0.0355,-0.552856
0.036,-0.49694
0.0365,-0.331075
0.037,-0.0903937
0.0375,0.173196
0.038,0.402468
0.0385,0.547218
0.039,0.575316
0.0395,0.479647
0.04,0.280015
0.0405,0.0186943
0.041,-0.248459
0.0415,-0.464116
0.042,-0.581949
0.0425,-0.576617
0.043,-0.449229
0.0435,-0.227255
0.044,0.0415309
0.0445,0.299252
0.045,0.490588
0.0455,0.574659
0.046,0.533887
0.0465,0.377713
0.047,0.140565
0.0475,-0.125688
0.048,-0.363021
0.0485,-0.51986
0.049,-0.562247
0.0495,-0.481272
0.05,-0.294804
0.0505,-0.0426519
0.051,0.220589
0.0515,0.437828
0.052,0.561879
0.0525,0.565857
0.053,0.448868
0.0535,0.236346
0.054,-0.0255197
0.0545,-0.279905
0.055,-0.47171
0.0555,-0.559542
0.056,-0.524695
0.0565,-0.375323
0.057,-0.144512
0.0575,0.116888
0.058,0.351396
0.0585,0.507419
0.059,0.550587
0.0595,0.471187
0.06,0.28634
0.0605,0.036307
0.061,-0.224362
0.0615,-0.438736
0.062,-0.559755
0.0625,-0.560783
0.063,-0.441177
0.0635,-0.226546
0.064,0.0367741
0.0645,0.291857
0.065,0.483645
0.0655,0.570788
0.066,0.534734
0.0665,0.38378
0.067,0.151168
0.0675,-0.11213
0.068,-0.348559
0.0685,-0.506464
0.069,-0.551476
0.0695,-0.473993
0.07,-0.291112
0.0705,-0.0431152
0.071,0.215537
0.0715,0.427918
0.072,0.54725
0.0725,0.546925
0.073,0.426562
0.0735,0.21187
0.074,-0.0507688
0.0745,-0.304421
0.075,-0.49411
0.0755,-0.578635
0.076,-0.539696
0.0765,-0.385785
0.077,-0.150367
0.0775,0.115433
0.078,0.353907
0.0785,0.513466
0.079,0.559732
0.0795,0.483069
0.08,0.300778
0.0805,0.0530806
0.081,-0.205421
0.0815,-0.417944
0.082,-0.537686
0.0825,-0.538169
0.083,-0.419013
0.0835,-0.206074
0.084,0.0543109
0.0845,0.305312
0.085,0.492068
0.0855,0.573563
0.086,0.53173
0.0865,0.37528
0.087,0.137862
0.0875,-0.129187
0.088,-0.36822
0.0885,-0.527614
0.089,-0.573056
0.0895,-0.495146
0.09,-0.311256
0.0905,-0.0618044
0.091,0.19857
0.0915,0.412926
0.092,0.534513
0.0925,0.536891
0.093,0.419718
0.0935,0.208772
0.094,-0.0494996
0.0945,-0.298412
0.095,-0.483147
0.0955,-0.562938
0.096,-0.519853
0.0965,-0.362757
0.097,-0.125439
0.0975,0.140802
0.098,0.378234
0.0985,0.535421
0.099,0.578226
0.0995,0.497429
0.1,0.310632
0.1005,0.0584655
0.101,-0.204277
0.1015,-0.420609
0.102,-0.543721
0.1025,-0.547269
0.103,-0.430874
0.1035,-0.220529
0.104,0.0374006
0.1045,0.286157
0.105,0.471045
0.1055,0.551285
0.106,0.509031
0.1065,0.353292
0.107,0.117827
0.1075,-0.14603
0.108,-0.380684
0.1085,-0.534824
0.109,-0.574589
0.1095,-0.490937
0.11,-0.301717
0.1105,-0.0477244
0.111,0.21616
0.1115,0.432869
0.112,0.555728
0.1125,0.558388
0.113,0.440729
0.1135,0.228827
0.114,-0.03083
0.1145,-0.281387
0.115,-0.468031
0.1155,-0.550117
0.116,-0.509753
0.1165,-0.356011
0.117,-0.122645
0.1175,0.139062
0.118,0.371585
0.1185,0.523756
0.119,0.561837
0.1195,0.477031
0.12,0.287321
0.1205,0.0335591
0.121,-0.229307
0.1215,-0.444296
0.122,-0.564806
0.1225,-0.564755
0.123,-0.444217
0.1235,-0.229475
0.124,0.0328211
0.1245,0.285628
0.125,0.474164
0.1255,0.557697
0.126,0.518478
0.1265,0.36554
0.127,0.132765
0.1275,-0.128534
0.128,-0.360896
0.1285,-0.513161
0.129,-0.551711
0.1295,-0.467854
0.13,-0.279558
0.1305,-0.0278033
0.131,0.232562
0.1315,0.444687
0.132,0.562139
0.1325,0.559075
0.133,0.435757
0.1335,0.218705
0.134,-0.0452553
0.1345,-0.299026
0.135,-0.487817
0.1355,-0.570929
0.136,-0.530779
0.1365,-0.376527
0.137,-0.142221
0.1375,0.120759
0.138,0.35485
0.1385,0.508909
0.139,0.549294
0.1395,0.467337
0.14,0.281127
0.1405,0.0315275
0.141,-0.226605
0.1415,-0.43654
0.142,-0.552021
0.1425,-0.547323
0.143,-0.422938
0.1435,-0.205501
0.144,0.0580349
0.1445,0.310649
0.145,0.497561
0.1455,0.578274
0.146,0.535409
0.1465,0.378304
0.147,0.141242
0.1475,-0.124249
0.148,-0.360482
0.1485,-0.516303
0.149,-0.558108
0.1495,-0.477238
0.15,-0.291835
0.1505,-0.0428689
0.151,0.214879
0.1515,0.424629
0.152,0.540237
0.1525,0.536077
0.153,0.412734
0.1535,0.196885
0.154,-0.0645337
0.1545,-0.314517
0.155,-0.498473
0.1555,-0.576109
0.156,-0.530217
0.1565,-0.370423
0.157,-0.131173
0.1575,0.135849
0.158,0.372907
0.1585,0.528852
0.159,0.57016
0.1595,0.488331
0.16,0.301621
0.1605,0.0511531
0.161,-0.208184
0.1615,-0.419634
0.162,-0.536988
0.1625,-0.534656
0.163,-0.413258
0.1635,-0.19953
0.164,0.0596647
0.1645,0.307344
0.165,0.489112
0.1655,0.564798
0.166,0.517363
0.1665,0.356649
0.167,0.117168
0.1675,-0.149263
0.168,-0.384971
0.1685,-0.538922
0.169,-0.577743
0.1695,-0.493161
0.17,-0.303654
0.1705,-0.050487
0.171,0.211262
0.1715,0.424775
0.172,0.543796
0.1725,0.542836
0.173,0.422547
0.1735,0.209653
0.174,-0.0488619
0.1745,-0.296107
0.175,-0.477676
0.1755,-0.553521
0.176,-0.506685
0.1765,-0.34709
0.177,-0.109319
0.1775,0.154848
0.178,0.387856
0.1785,0.538789
0.179,0.574515
0.1795,0.486982
0.18,0.29487
0.1805,0.0396876
0.181,-0.223418
0.1815,-0.437586
0.182,-0.556637
0.1825,-0.555092
0.183,-0.433781
0.1835,-0.219597
0.184,0.0404026
0.1845,0.28924
0.185,0.472445
0.1855,0.550007
0.186,0.505038
0.1865,0.347476
0.187,0.111933
0.1875,-0.149959
0.188,-0.380606
0.1885,-0.529301
0.189,-0.563098
0.1895,-0.474106
0.19,-0.281205
0.1905,-0.0259455
0.191,0.23641
0.1915,0.449114
0.192,0.566058
0.1925,0.561977
0.193,0.437952
0.1935,0.22102
0.194,-0.0415655
0.1945,-0.292687
0.195,-0.477851
0.1955,-0.557053
0.196,-0.513391
0.1965,-0.356887
0.197,-0.122205
0.1975,0.138981
0.198,0.369182
0.1985,0.517692
0.199,0.551694
0.1995,0.463395
0.2,0.271743
0.2005,0.01836
0.201,-0.241611
0.2015,-0.451484
0.202,-0.565346
0.2025,-0.558184
0.203,-0.431223
0.2035,-0.211823
0.204,0.0526503
0.2045,0.305009
0.205,0.49072
0.2055,0.569782
0.206,0.525504
0.2065,0.368017
0.207,0.13205
0.2075,-0.130545
0.208,-0.362272
0.2085,-0.512397
0.209,-0.54813
0.2095,-0.461713
0.21,-0.272157
0.2105,-0.0210253
0.211,0.236576
0.2115,0.444072
0.212,0.555713
0.2125,0.546667
0.213,0.418374
0.2135,0.198315
0.214,-0.06603
0.2145,-0.317471
0.215,-0.501517
0.2155,-0.578431
0.216,-0.531587
0.2165,-0.371361
0.217,-0.132693
0.2175,0.132403
0.218,0.366318
0.2185,0.518333
0.219,0.555656
0.2195,0.470527
0.22,0.282065
0.2205,0.0318276
0.221,-0.225028
0.2215,-0.43201
0.222,-0.543502
0.2225,-0.53469
0.223,-0.407218
0.2235,-0.188503
0.224,0.0738422
0.2245,0.322764
0.225,0.503959
0.2255,0.577722
0.226,0.5278
0.2265,0.364761
0.227,0.123776
0.2275,-0.143075
0.228,-0.378048
0.2285,-0.530453
0.229,-0.567548
0.2295,-0.481774
0.23,-0.292286
0.2305,-0.0408189
0.231,0.217429
0.2315,0.425927
0.232,0.539001
0.2325,0.531975
0.233,0.406439
0.2335,0.189924
0.234,-0.0701045
0.2345,-0.31658
0.235,-0.495303
0.2355,-0.566894
0.236,-0.51516
0.2365,-0.350901
0.237,-0.109394
0.2375,0.157159
0.238,0.391094
0.2385,0.541752
0.239,0.576604
0.2395,0.48825
0.24,0.296081
0.2405,0.0419889
0.241,-0.218647
0.2415,-0.429234
0.242,-0.544129
0.2425,-0.538618
0.243,-0.414364
0.2435,-0.198934
0.244,0.060143
0.2445,0.305857
0.245,0.484134
0.2455,0.555555
0.246,0.504169
0.2465,0.34081
0.247,0.100837
0.2475,-0.163597
0.248,-0.394859
0.2485,-0.542537
0.249,-0.574244
0.2495,-0.48286
0.25,-0.287952
0.2505,-0.0316679
0.251,0.230592
0.2515,0.442101
0.252,0.557254
0.2525,0.551494
0.253,0.426552
0.2535,0.210147
0.254,-0.0501516
0.2545,-0.297186
0.255,-0.476903
0.2555,-0.549953
0.256,-0.500332
0.2565,-0.338976
0.257,-0.101257
0.2575,0.160752
0.258,0.389533
0.2585,0.534771
0.259,0.564323
0.2595,0.471185
0.26,0.275206
0.2605,0.0185929
0.261,-0.243185
0.2615,-0.453471
0.262,-0.566797
0.2625,-0.558681
0.263,-0.431162
0.2635,-0.212094
0.264,0.0507006
0.2645,0.300078
0.265,0.481798
0.2655,0.556583
0.266,0.508483
0.2665,0.348458
0.267,0.111851
0.2675,-0.149163
0.268,-0.377171
0.2685,-0.521905
0.269,-0.55134
0.2695,-0.458668
0.27,-0.263694
0.2705,-0.00872772
0.271,0.250773
0.2715,0.458351
0.272,0.568602
0.2725,0.557382
0.273,0.426855
0.2735,0.205214
0.274,-0.0596801
0.2745,-0.310469
0.275,-0.49299
0.2755,-0.567957
0.276,-0.519529
0.2765,-0.358758
0.277,-0.121189
0.2775,0.141006
0.278,0.370315
0.2785,0.516486
0.279,0.547575
0.2795,0.456709
0.28,0.263836
0.2805,0.0112097
0.281,-0.245815
0.2815,-0.450779
0.282,-0.558608
0.2825,-0.545257
0.283,-0.413126
0.2835,-0.190523
0.284,0.0745321
0.2845,0.324721
0.285,0.505882
0.2855,0.578914
0.286,0.528118
0.2865,0.364796
0.287,0.124642
0.2875,-0.139978
0.288,-0.371485
0.2885,-0.519624
0.289,-0.552356
0.2895,-0.463016
0.29,-0.271467
0.2905,-0.0199947
0.291,0.235999
0.2915,0.440205
0.292,0.547545
0.2925,0.534195
0.293,0.402576
0.2935,0.181154
0.294,-0.0821039
0.2945,-0.329859
0.295,-0.50819
0.2955,-0.578116
0.296,-0.5242
0.2965,-0.357981
0.297,-0.11532
0.2975,0.151231
0.298,0.384054
0.2985,0.53285
0.299,0.565704
0.2995,0.475958
0.3,0.283706
0.3005,0.0313072
0.301,-0.225823
0.3015,-0.431267
0.302,-0.540053
0.3025,-0.528323
0.303,-0.398613
0.3035,-0.179355
0.304,0.0814828
0.3045,0.326684
0.305,0.50242
0.3055,0.569908
0.306,0.513934
0.3065,0.346209
0.307,0.102785
0.3075,-0.163767
0.308,-0.395769
0.3085,-0.543097
0.309,-0.573914
0.3095,-0.481802
0.31,-0.287014
0.3105,-0.0320994
0.311,0.22739
0.3115,0.434986
0.312,0.545654
0.3125,0.535582
0.313,0.407361
0.3135,0.18945
0.314,-0.0701532
0.3145,-0.3143
0.315,-0.489232
0.3155,-0.556267
0.316,-0.500359
0.3165,-0.333284
0.317,-0.0911763
0.3175,0.173421
0.318,0.402953
0.3185,0.547334
0.319,0.575026
0.3195,0.479849
0.32,0.282228
0.3205,0.0249456
0.321,-0.2363
0.3215,-0.445053
0.322,-0.55627
0.3225,-0.546214
0.323,-0.417624
0.3235,-0.198997
0.324,0.0615153
0.3245,0.306762
0.325,0.48293
0.3255,0.55144
0.326,0.497229
0.3265,0.332117
0.327,0.0922508
0.3275,-0.169831
0.328,-0.396683
0.3285,-0.538463
0.329,-0.563757
0.3295,-0.466585
0.33,-0.267623
0.3305,-0.00971115
0.331,0.251394
0.3315,0.459199
0.332,0.568823
0.3325,0.556682
0.333,0.425705
0.3335,0.2046
0.334,-0.0583355
0.3345,-0.305849
0.335,-0.484062
0.3355,-0.554399
0.336,-0.50183
0.3365,-0.338239
0.337,-0.0997544
0.3375,0.161084
0.338,0.386858
0.3385,0.527843
0.339,0.552761
0.3395,0.455751
0.34,0.257565
0.3405,0.00111546
0.341,-0.257872
0.3415,-0.46305
0.342,-0.569675
0.3425,-0.554425
0.343,-0.420411
0.3435,-0.196565
0.344,0.0686084
0.3445,0.317781
0.345,0.497023
0.3455,0.567812
0.346,0.515207
0.3465,0.351197
0.347,0.112064
0.3475,-0.149665
0.348,-0.37649
0.3485,-0.518715
0.349,-0.545077
0.3495,-0.4498
0.35,-0.253652
0.3505,0.000432947
0.351,0.256825
0.3515,0.4593
0.352,0.563298
0.3525,0.545695
0.353,0.409804
0.3535,0.184771
0.354,-0.0808903
0.3545,-0.329691
0.355,-0.507866
0.3555,-0.576956
0.356,-0.522217
0.3565,-0.355861
0.357,-0.114255
0.3575,0.149825
0.358,0.378844
0.3585,0.52303
0.359,0.55122
0.3595,0.457572
0.36,0.262985
0.3605,0.0103339
0.361,-0.244779
0.3615,-0.446174
0.362,-0.549392
0.3625,-0.531457
0.363,-0.395839
0.3635,-0.171713
0.364,0.0923466
0.3645,0.338915
0.365,0.514362
0.3655,0.5804
0.366,0.522541
0.3665,0.353213
0.367,0.109024
0.3675,-0.157161
0.368,-0.387685
0.3685,-0.532777
0.369,-0.561338
0.3695,-0.467627
0.37,-0.272637
0.3705,-0.0192959
0.371,0.236634
0.3715,0.439063
0.372,0.543519
0.3725,0.527075
0.373,0.393272
0.3735,0.171302
0.374,-0.0902872
0.3745,-0.334193
0.375,-0.50686
0.3755,-0.570307
0.376,-0.510162
0.3765,-0.339056
0.377,-0.0938021
0.3775,0.17265
0.378,0.402686
0.3785,0.546572
0.379,0.573377
0.3795,0.477512
0.38,0.280166
0.3805,0.0244648
0.381,-0.233752
0.3815,-0.438273
0.382,-0.544667
0.3825,-0.52999
0.383,-0.397835
0.3835,-0.177438
0.384,0.0826849
0.3845,0.325227
0.385,0.496849
0.3855,0.559528
0.386,0.499142
0.3865,0.328428
0.387,0.0842416
0.3875,-0.180419
0.388,-0.408092
0.3885,-0.549167
0.389,-0.572862
0.3895,-0.473919
0.39,-0.273684
0.3905,-0.0155134
0.391,0.244668
0.3915,0.450571
0.392,0.557761
0.3925,0.543429
0.393,0.411159
0.3935,0.190364
0.394,-0.0703664
0.3945,-0.31373
0.395,-0.486341
0.3955,-0.550279
0.396,-0.491444
0.3965,-0.322636
0.397,-0.0806921
0.3975,0.181453
0.398,0.40637
0.3985,0.544652
0.399,0.565756
0.3995,0.464615
0.4,0.262747
0.4005,0.00367015
0.401,-0.256623
0.4015,-0.461876
0.402,-0.567744
0.4025,-0.551572
0.403,-0.417139
0.4035,-0.194027
0.404,0.0689882
0.4045,0.31458
0.405,0.48922
0.4055,0.55505
0.406,0.497968
0.4065,0.330847
0.407,0.0905241
0.4075,-0.17008
0.408,-0.393645
0.4085,-0.530848
0.409,-0.551267
0.4095,-0.449974
0.41,-0.248632
0.4105,0.0092136
0.411,0.26759
0.4115,0.470364
0.412,0.573329
0.4125,0.554073
0.413,0.416601
0.4135,0.190683
0.414,-0.0746926
0.4145,-0.322084
0.415,-0.49799
0.4155,-0.564524
0.416,-0.50772
0.4165,-0.340493
0.417,-0.0997849
0.4175,0.16142
0.418,0.385756
0.4185,0.52396
0.419,0.545651
0.4195,0.445987
0.42,0.246621
0.4205,-0.00888262
0.421,-0.264598
0.4215,-0.464535
0.422,-0.564735
0.4225,-0.542892
0.423,-0.403334
0.4235,-0.175938
0.424,0.0901861
0.4245,0.337518
0.425,0.512613
0.4255,0.577751
0.426,0.519081
0.4265,0.349691
0.427,0.10672
0.4275,-0.156698
0.428,-0.383172
0.4285,-0.523367
0.429,-0.54693
0.4295,-0.449028
0.43,-0.251389
0.4305,0.00244581
0.431,0.256626
0.4315,0.455177
0.432,0.554297
0.4325,0.531848
0.433,0.392272
0.4335,0.165543
0.434,-0.0991876
0.4345,-0.344488
0.435,-0.517001
0.4355,-0.579162
0.436,-0.517392
0.4365,-0.345018
0.437,-0.099368
0.4375,0.166294
0.438,0.394434
0.4385,0.535765
0.439,0.559992
0.4395,0.46231
0.44,0.264565
0.4405,0.0103924
0.441,-0.244334
0.4415,-0.443667
0.442,-0.543794
0.4425,-0.52267
0.443,-0.384777
0.4435,-0.160156
0.444,0.102137
0.4445,0.344694
0.445,0.514326
0.4455,0.57372
0.446,0.509455
0.4465,0.335069
0.447,0.0880834
0.4475,-0.178131
0.448,-0.40607
0.4485,-0.546493
0.449,-0.569202
0.4495,-0.469616
0.45,-0.269731
0.4505,-0.0133521
0.451,0.243544
0.4515,0.44492
0.452,0.546992
0.4525,0.527716
0.453,0.391593
0.4535,0.16874
0.454,-0.0918241
0.4545,-0.332801
0.455,-0.501041
0.4555,-0.559404
0.456,-0.494584
0.4565,-0.320303
0.457,-0.0741607
0.4575,0.190536
0.458,0.416287
0.4585,0.553995
0.459,0.573693
0.4595,0.471034
0.46,0.268269
0.4605,0.0092928
0.461,-0.249685
0.4615,-0.452644
0.462,-0.555746
0.4625,-0.537067
0.463,-0.401147
0.4635,-0.178179
0.464,0.0827059
0.4645,0.324166
0.465,0.493181
0.4655,0.552559
0.466,0.489118
0.4665,0.316628
0.467,0.0726877
0.4675,-0.189452
0.468,-0.412383
0.4685,-0.547195
0.469,-0.564116
0.4695,-0.45904
0.47,-0.254401
0.4705,0.00574653
0.471,0.265101
0.4715,0.46769
0.472,0.569774
0.4725,0.549518
0.473,0.411699
0.4735,0.186639
0.474,-0.0763947
0.4745,-0.319971
0.475,-0.490978
0.4755,-0.552269
0.476,-0.490691
0.4765,-0.320023
0.477,-0.0778786
0.4775,0.182482
0.478,0.40376
0.4785,0.537199
0.479,0.553153
0.4795,0.447672
0.48,0.243231
0.4805,-0.0159055
0.481,-0.273603
0.4815,-0.473868
0.482,-0.573162
0.4825,-0.549886
0.483,-0.409051
0.4835,-0.18115
0.484,0.0843123
0.4845,0.32985
0.485,0.502315
0.4855,0.564557
0.486,0.503519
0.4865,0.333058
0.487,0.0908521
0.4875,-0.169796
0.488,-0.391585
0.4885,-0.525781
0.489,-0.542827
0.4895,-0.438775
0.49,-0.236249
0.4905,0.0206119
0.491,0.275629
0.4915,0.472994
0.492,0.569375
0.4925,0.543367
0.493,0.400181
0.4935,0.170587
0.494,-0.0959118
0.4945,-0.341688
0.495,-0.513633
0.4955,-0.574777
0.496,-0.512139
0.4965,-0.339739
0.497,-0.0954808
0.4975,0.167261
0.498,0.391084
0.4985,0.527223
0.499,0.546154
0.4995,0.443959
0.5,0.243292
0.5005,-0.011689
0.501,-0.264901
0.5015,-0.460617
0.502,-0.555646
0.5025,-0.528726
0.503,-0.385231
0.5035,-0.156014
0.504,0.109352
0.5045,0.353267
0.505,0.522789
0.5055,0.581079
0.506,0.515402
0.5065,0.340035
0.507,0.0930304
0.5075,-0.172041
0.508,-0.397683
0.5085,-0.535197
0.509,-0.554989
0.5095,-0.453331
0.51,-0.252846
0.5105,0.00216471
0.511,0.255614
0.5115,0.451813
0.512,0.547607
0.5125,0.521815
0.513,0.379844
0.5135,0.152618
0.514,-0.110298
0.5145,-0.351461
0.515,-0.518053
0.5155,-0.573396
0.516,-0.505074
0.5165,-0.327483
0.517,-0.0788951
0.5175,0.187005
0.518,0.41275
0.5185,0.54961
0.519,0.568191
0.5195,0.464862
0.52,0.262513
0.5205,0.00549519
0.521,-0.250009
0.5215,-0.448167
0.522,-0.545889
0.5225,-0.521953
0.523,-0.381924
0.5235,-0.156623
0.524,0.104388
0.5245,0.343711
0.525,0.50861
0.5255,0.562627
0.526,0.493472
0.5265,0.315682
0.527,0.0676551
0.5275,-0.196934
0.528,-0.420691
0.5285,-0.555018
0.529,-0.570735
0.5295,-0.464404
0.53,-0.259164
0.5305,0.000483526
0.531,0.2582
0.5315,0.458087
0.532,0.557041
0.5325,0.533978
0.533,0.394414
0.5335,0.169308
0.534,-0.0917111
0.5345,-0.33122
0.535,-0.496621
0.5355,-0.551449
0.536,-0.483483
0.5365,-0.307361
0.537,-0.0614423
0.5375,0.200638
0.538,0.421533
0.5385,0.552865
0.539,0.565657
0.5395,0.456725
0.54,0.249372
0.5405,-0.0117093
0.541,-0.270077
0.5415,-0.469908
0.542,-0.568148
0.5425,-0.543785
0.543,-0.40257
0.5435,-0.175591
0.544,0.0873778
0.5445,0.328855
0.545,0.49615
0.5455,0.552867
0.546,0.486798
0.5465,0.312623
0.547,0.0686524
0.5475,-0.191414
0.548,-0.410435
0.5485,-0.540109
0.549,-0.55164
0.5495,-0.441979
0.55,-0.234581
0.5505,0.0257567
0.551,0.282681
0.5515,0.48039
0.552,0.575994
0.5525,0.548713
0.553,0.404527
0.5535,0.174727
0.554,-0.0907542
0.5545,-0.334327
0.555,-0.503265
0.5555,-0.561143
0.556,-0.495885
0.5565,-0.322192
0.557,-0.0784937
0.5575,0.181573
0.558,0.40079
0.5585,0.530948
0.559,0.543287
0.5595,0.434916
0.56,0.22927
0.5605,-0.0288756
0.561,-0.283112
0.5615,-0.477915
0.562,-0.570489
0.5625,-0.540357
0.563,-0.393629
0.5635,-0.161893
0.564,0.10485
0.5645,0.348948
0.565,0.517644
0.5655,0.574704
0.566,0.508086
0.5665,0.332743
0.567,0.0872153
0.5675,-0.174743
0.568,-0.395865
0.5685,-0.5279
0.569,-0.542167
0.5695,-0.435717
0.57,-0.232068
0.5705,0.0240274
0.571,0.276239
0.5715,0.469133
0.572,0.560047
0.5725,0.528702
0.573,0.381385
0.5735,0.149756
0.574,-0.116135
0.5745,-0.358615
0.575,-0.525081
0.5755,-0.579464
0.576,-0.50994
0.5765,-0.33166
0.577,-0.0833886
0.5775,0.180964
0.578,0.404068
0.5785,0.537608
0.579,0.552979
0.5795,0.447305
0.58,0.244128
0.5805,-0.0116903
0.581,-0.263866
0.5815,-0.456927
0.582,-0.548376
0.5825,-0.517926
0.583,-0.371956
0.5835,-0.1422
0.584,0.121291
0.5845,0.361031
0.585,0.524524
0.5855,0.575848
0.586,0.503493
0.5865,0.322794
0.587,0.0726987
0.5875,-0.192755
0.588,-0.416216
0.5885,-0.54945
0.589,-0.563881
0.5895,-0.456837
0.59,-0.252043
0.5905,0.00555267
0.591,0.259576
0.5915,0.454487
0.592,0.547772
0.5925,0.519202
0.593,0.375215
0.5935,0.14752
0.594,-0.113891
0.5945,-0.351537
0.595,-0.513108
0.5955,-0.562843
0.596,-0.489381
0.5965,-0.308219
0.597,-0.0583836
0.5975,0.206026
0.598,0.427718
0.5985,0.558585
0.599,0.570307
0.5995,0.460353
0.6,0.252647
0.6005,-0.00759436
0.601,-0.263873
0.6015,-0.460665
0.602,-0.555394
0.6025,-0.527927
0.603,-0.384679
0.6035,-0.157487
0.604,0.103595
0.6045,0.341173
0.605,0.502907
0.6055,0.553182
0.606,0.480681
0.6065,0.300983
0.607,0.053141
0.6075,-0.20879
0.608,-0.427637
0.6085,-0.555469
0.609,-0.564167
0.6095,-0.451431
0.61,-0.241479
0.6105,0.0204315
0.611,0.277649
0.6115,0.47464
0.612,0.568927
0.6125,0.54046
0.613,0.395848
0.6135,0.167035
0.614,-0.0958279
0.6145,-0.335165
0.615,-0.498735
0.6155,-0.550841
0.616,-0.480264
0.6165,-0.302583
0.617,-0.0568953
0.6175,0.202891
0.618,0.419595
0.6185,0.545507
0.619,0.55263
0.6195,0.438891
0.62,0.228588
0.6205,-0.0328727
0.621,-0.288919
0.6215,-0.484001
0.622,-0.575867
0.6225,-0.544625
0.623,-0.39713
0.6235,-0.165523
0.624,0.0998542
0.6245,0.341368
0.625,0.506691
0.6255,0.560161
0.626,0.490613
0.6265,0.313696
0.627,0.0685228
0.6275,-0.190889
0.628,-0.407514
0.6285,-0.533628
0.629,-0.541358
0.6295,-0.428693
0.63,-0.219984
0.6305,0.0393616
0.631,0.292792
0.6315,0.48496
0.632,0.573736
0.6325,0.53948
0.633,0.389314
0.6335,0.155538
0.634,-0.111365
0.6345,-0.353675
0.635,-0.51907
0.6355,-0.572006
0.636,-0.501419
0.6365,-0.323144
0.637,-0.0763863
0.6375,0.184732
0.638,0.403068
0.6385,0.530975
0.639,0.540531
0.6395,0.429806
0.64,0.223179
0.6405,-0.0340018
0.641,-0.285179
0.6415,-0.475196
0.642,-0.562085
0.6425,-0.526349
0.643,-0.375292
0.6435,-0.141336
0.644,0.124942
0.6445,0.36589
0.645,0.529272
0.6455,0.579685
0.646,0.506311
0.6465,0.32518
0.647,0.0757195
0.6475,-0.187838
0.648,-0.408268
0.6485,-0.53783
0.649,-0.548735
0.6495,-0.439036
0.65,-0.233156
0.6505,0.0234099
0.651,0.274251
0.6515,0.464161
0.652,0.551229
0.6525,0.516157
0.653,0.36624
0.6535,0.13401
0.654,-0.130033
0.6545,-0.368264
0.655,-0.52864
0.6555,-0.575976
0.656,-0.499663
0.6565,-0.315936
0.657,-0.0644648
0.6575,0.200437
0.658,0.421493
0.6585,0.551014
0.659,0.561258
0.6595,0.450491
0.66,0.24325
0.6605,-0.0148635
0.661,-0.267356
0.6615,-0.458938
0.662,-0.547795
0.6625,-0.514609
0.663,-0.36671
0.6635,-0.1366
0.664,0.12517
0.6645,0.361088
0.665,0.519316
0.6655,0.564769
0.666,0.487033
0.6665,0.302541
0.667,0.0510605
0.6675,-0.213079
0.668,-0.43263
0.6685,-0.560032
0.669,-0.567717
0.6695,-0.45419
0.67,-0.24416
0.6705,0.0165823
0.671,0.271398
0.6715,0.464954
0.672,0.555395
0.6725,0.523457
0.673,0.376565
0.6735,0.147269
0.674,-0.113875
0.6745,-0.34945
0.675,-0.507551
0.6755,-0.553279
0.676,-0.476283
0.6765,-0.293096
0.677,-0.0434473
0.6775,0.218312
0.678,0.435021
0.6785,0.559365
0.679,0.563965
0.6795,0.44752
0.68,0.235038
0.6805,-0.027588
0.681,-0.283603
0.6815,-0.477661
0.682,-0.567973
0.6825,-0.53534
0.683,-0.387366
0.6835,-0.15673
0.684,0.105919
0.6845,0.343079
0.685,0.502824
0.6855,0.55031
0.686,0.475229
0.6865,0.294076
0.687,0.0466466
0.6875,-0.212789
0.688,-0.42718
0.6885,-0.549362
0.689,-0.552119
0.6895,-0.434395
0.69,-0.221285
0.6905,0.0411783
0.691,0.296246
0.6915,0.488649
0.692,0.576709
0.6925,0.541496
0.693,0.390748
0.6935,0.157387
0.694,-0.107791
0.6945,-0.34719
0.695,-0.508823
0.6955,-0.557863
0.696,-0.484005
0.6965,-0.303895
0.697,-0.0572876
0.6975,0.201463
0.698,0.415479
0.6985,0.537536
0.699,0.540614
0.6995,0.423706
0.7,0.211998
0.7005,-0.0485144
0.701,-0.301045
0.7015,-0.490537
0.702,-0.575542
0.7025,-0.537228
0.703,-0.383693
0.7035,-0.147973
0.704,0.118926
0.7045,0.359325
0.705,0.521321
0.7055,0.570111
0.706,0.495535
0.7065,0.314317
0.707,0.0663899
0.7075,-0.193848
0.708,-0.409395
0.7085,-0.533108
0.709,-0.53798
0.7095,-0.422988
0.71,-0.213425
0.7105,0.0447637
0.711,0.294911
0.7115,0.482033
0.712,0.564841
0.7125,0.524784
0.713,0.370073
0.7135,0.133873
0.714,-0.132723
0.7145,-0.372031
0.715,-0.532244
0.7155,-0.578739
0.716,-0.501536
0.7165,-0.317605
0.717,-0.0670339
0.7175,0.195611
0.718,0.413294
0.7185,0.538791
0.719,0.545142
0.7195,0.431401
0.72,0.222886
0.7205,-0.0344621
0.721,-0.28394
0.7215,-0.470653
0.722,-0.553418
0.7225,-0.513738
0.723,-0.359946
0.7235,-0.125295
0.724,0.139159
0.7245,0.375829
0.725,0.53306
0.7255,0.576412
0.726,0.496181
0.7265,0.309528
0.727,0.0567423
0.7275,-0.207482
0.728,-0.426054
0.7285,-0.551817
0.729,-0.557848
0.7295,-0.44334
0.73,-0.233735
0.7305,0.0248544
0.731,0.275764
0.7315,0.463971
0.732,0.548383
0.7325,0.510504
0.733,0.358694
0.7335,0.126271
0.734,-0.135841
0.7345,-0.370059
0.735,-0.524911
0.7355,-0.566127
0.736,-0.48422
0.7365,-0.296539
0.737,-0.0434558
0.7375,0.220301
0.738,0.437595
0.7385,0.561473
0.739,0.565141
0.7395,0.448001
0.74,0.235698
0.7405,-0.0254681
0.741,-0.278706
0.7415,-0.468961
0.742,-0.555102
0.7425,-0.518682
0.743,-0.368122
0.7435,-0.136761
0.744,0.124411
0.7445,0.357944
0.745,0.512376
0.7455,0.553578
0.746,0.472132
0.7465,0.285464
0.747,0.0340553
0.7475,-0.227424
0.748,-0.441981
0.7485,-0.56281
0.749,-0.563342
0.7495,-0.443253
0.75,-0.228357
0.7505,0.0348843
0.751,0.28954
0.7515,0.480561
0.752,0.566804
0.7525,0.530002
0.753,0.37867
0.7535,0.146235
0.754,-0.116187
0.7545,-0.351082
0.755,-0.507042
0.7555,-0.549885
0.756,-0.47028
0.7565,-0.285687
0.757,-0.0365876
0.7575,0.222442
0.758,0.434504
0.7585,0.552907
0.759,0.551378
0.7595,0.429681
0.76,0.213868
0.7605,-0.0495081
0.761,-0.303502
0.7615,-0.493132
0.762,-0.577383
0.7625,-0.538186
0.763,-0.384263
0.7635,-0.149228
0.764,0.115675
0.7645,0.352822
0.765,0.51071
0.7655,0.555231
0.766,0.477073
0.7665,0.293744
0.767,0.045715
0.7675,-0.212363
0.768,-0.423709
0.7685,-0.541742
0.769,-0.540222
0.7695,-0.419111
0.77,-0.204498
0.7705,0.0570513
0.771,0.308645
0.7715,0.495423
0.772,0.576604
0.7725,0.534294
0.773,0.37742
0.7735,0.139894
0.774,-0.126947
0.7745,-0.36536
0.775,-0.523884
0.7755,-0.56844
0.776,-0.489851
0.7765,-0.305743
0.777,-0.0566937
0.7775,0.202565
0.778,0.415268
0.7785,0.534767
0.779,0.534901
0.7795,0.415687
0.78,0.203223
0.7805,-0.0559546
0.781,-0.305036
0.7815,-0.48926
0.782,-0.568066
0.7825,-0.523739
0.783,-0.365408
0.7835,-0.127118
0.784,0.139663
0.7845,0.377259
0.785,0.534237
0.7855,0.576751
0.786,0.495709
0.7865,0.309029
0.787,0.0574313
0.7875,-0.204257
0.788,-0.419089
0.7885,-0.540475
0.789,-0.542257
0.7895,-0.424506
0.79,-0.213327
0.7905,0.0447247
0.791,0.292816
0.7915,0.476315
0.792,0.554754
0.7925,0.510518
0.793,0.352888
0.7935,0.115932
0.794,-0.148933
0.7945,-0.384014
0.795,-0.538069
0.7955,-0.57742
0.796,-0.493339
0.7965,-0.303817
0.797,-0.0498473
0.7975,0.213599
0.798,0.429541
0.7985,0.551435
0.799,0.553198
0.7995,0.43496
0.8,0.222997
0.8005,-0.0360385
0.801,-0.285277
0.8015,-0.470127
0.802,-0.55002
0.8025,-0.507499
0.803,-0.351833
0.8035,-0.117115
0.804,0.145239
0.8045,0.377726
0.805,0.529201
0.8055,0.566222
0.806,0.480181
0.8065,0.289325
0.807,0.0347944
0.8075,-0.22848
0.808,-0.443456
0.8085,-0.563727
0.809,-0.563364
0.8095,-0.442711
0.81,-0.228179
0.8105,0.0333366
0.811,0.284874
0.8115,0.471767
0.812,0.553486
0.8125,0.512594
0.813,0.358363
0.8135,0.124971
0.814,-0.136236
0.8145,-0.367719
0.815,-0.518478
0.8155,-0.555171
0.816,-0.469331
0.8165,-0.279311
0.817,-0.0262279
0.8175,0.234915
0.818,0.447263
0.8185,0.564547
0.819,0.561026
0.8195,0.437323
0.82,0.220092
0.8205,-0.0436789
0.821,-0.296865
0.8215,-0.484733
0.822,-0.566896
0.8225,-0.525882
0.823,-0.371198
0.8235,-0.137029
0.824,0.125101
0.8245,0.357725
0.825,0.509781
0.8255,0.547955
0.826,0.46386
0.8265,0.275867
0.827,0.0251358
0.8275,-0.233456
0.828,-0.443161
0.8285,-0.557837
0.829,-0.552024
0.8295,-0.426495
0.83,-0.20809
0.8305,0.0561022
0.831,0.308896
0.8315,0.495701
0.832,0.576102
0.8325,0.532919
0.833,0.375782
0.8335,0.139127
0.834,-0.125421
0.8345,-0.360247
0.835,-0.514299
0.8355,-0.554277
0.836,-0.471778
0.8365,-0.285275
0.837,-0.0358828
0.8375,0.221464
0.838,0.430157
0.8385,0.544148
0.839,0.538055
0.8395,0.412803
0.84,0.19535
0.8405,-0.0672158
0.841,-0.317791
0.8415,-0.501808
0.842,-0.579175
0.8425,-0.532861
0.843,-0.372774
0.8435,-0.133521
0.844,0.133121
0.8445,0.369419
0.845,0.524371
0.8455,0.564674
0.846,0.48206
0.8465,0.295041
0.847,0.0449122
0.8475,-0.213378
0.848,-0.423155
0.8485,-0.538426
0.849,-0.533872
0.8495,-0.410454
0.85,-0.19512
0.8505,0.0650142
0.851,0.312936
0.8515,0.494287
0.852,0.56904
0.8525,0.520481
0.853,0.358672
0.8535,0.118365
0.854,-0.14852
0.8545,-0.384301
0.855,-0.538017
0.8555,-0.57648
0.856,-0.491663
0.8565,-0.302265
0.857,-0.0497027
0.8575,0.210908
0.858,0.422813
0.8585,0.540022
0.859,0.537209
0.8595,0.415407
0.86,0.201586
0.8605,-0.0571617
0.861,-0.303822
0.8615,-0.484132
0.862,-0.558259
0.8625,-0.50949
0.863,-0.348109
0.8635,-0.108905
0.864,0.156208
0.8645,0.3896
0.865,0.540472
0.8655,0.575871
0.866,0.487931
0.8665,0.295635
0.867,0.0405819
0.8675,-0.22196
0.868,-0.435228
0.8685,-0.553217
0.869,-0.550671
0.8695,-0.428709
0.87,-0.214391
0.8705,0.0450164
0.871,0.292591
0.8715,0.47399
0.872,0.54937
0.8725,0.502209
0.873,0.342691
0.8735,0.105725
0.874,-0.156883
0.8745,-0.387556
0.875,-0.535686
0.8755,-0.568523
0.876,-0.478414
0.8765,-0.284549
0.877,-0.0286307
0.8775,0.234009
0.878,0.446616
0.8785,0.563222
0.879,0.558789
0.8795,0.434599
0.88,0.217932
0.8805,-0.0438681
0.881,-0.293674
0.8815,-0.477135
0.882,-0.554407
0.8825,-0.508971
0.883,-0.351115
0.8835,-0.115685
0.884,0.145475
0.8845,0.374877
0.885,0.521958
0.8855,0.554181
0.886,0.463989
0.8865,0.270654
0.887,0.0159934
0.8875,-0.244737
0.888,-0.454833
0.8885,-0.568531
0.889,-0.561
0.8895,-0.43373
0.89,-0.214279
0.8905,0.0498744
0.891,0.301484
0.8915,0.486178
0.892,0.564129
0.8925,0.518896
0.893,0.360839
0.8935,0.124979
0.894,-0.136864
0.8945,-0.367118
0.895,-0.515284
0.8955,-0.548808
0.896,-0.460272
0.8965,-0.268901
0.897,-0.0165746
0.8975,0.241536
0.898,0.448864
0.8985,0.559781
0.899,0.549743
0.8995,0.420398
0.9,0.199478
0.9005,-0.065355
0.901,-0.316903
0.9015,-0.500763
0.902,-0.577254
0.9025,-0.530081
0.903,-0.369838
0.9035,-0.131641
0.904,0.132472
0.9045,0.364904
0.905,0.515067
0.9055,0.550467
0.906,0.463643
0.9065,0.273951
0.907,0.0231942
0.9075,-0.233423
0.908,-0.439414
0.9085,-0.549366
0.909,-0.538745
0.9095,-0.409456
0.91,-0.189202
0.9105,0.0742233
0.911,0.323705
0.9115,0.504947
0.912,0.578456
0.9125,0.528202
0.913,0.364937
0.9135,0.124053
0.914,-0.142297
0.9145,-0.376404
0.915,-0.527679
0.9155,-0.563676
0.916,-0.477021
0.9165,-0.287133
0.917,-0.0359749
0.9175,0.221279
0.918,0.428133
0.9185,0.539135
0.919,0.529885
0.9195,0.402283
0.92,0.18413
0.9205,-0.0768947
0.921,-0.323643
0.9215,-0.502069
0.922,-0.572849
0.9225,-0.520109
0.923,-0.354886
0.9235,-0.112679
0.924,0.15419
0.9245,0.388077
0.925,0.538387
0.9255,0.572807
0.926,0.48419
0.9265,0.292131
0.927,0.0386901
0.9275,-0.220786
0.928,-0.429716
0.9285,-0.542694
0.929,-0.535257
0.9295,-0.409404
0.93,-0.192975
0.9305,0.0664091
0.931,0.311662
0.9315,0.488748
0.932,0.558545
0.9325,0.505347
0.933,0.340248
0.9335,0.0988818
0.934,-0.166435
0.9345,-0.398085
0.935,-0.545695
0.9355,-0.577121
0.936,-0.485414
0.9365,-0.290402
0.937,-0.0343808
0.9375,0.227181
0.938,0.437657
0.9385,0.551632
0.939,0.544755
0.9395,0.41903
0.94,0.20241
0.9405,-0.0573652
0.941,-0.303219
0.9415,-0.481121
0.942,-0.55202
0.9425,-0.500192
0.943,-0.336919
0.9435,-0.097745
0.944,0.165056
0.9445,0.393931
0.945,0.538683
0.9455,0.567339
0.946,0.473247
0.9465,0.276399
0.947,0.0192268
0.9475,-0.242709
0.948,-0.452778
0.9485,-0.565668
0.949,-0.557184
0.9495,-0.429479
0.95,-0.210689
0.9505,0.0512903
0.951,0.299289
0.9515,0.479219
0.952,0.552034
0.9525,0.502042
0.953,0.340546
0.9535,0.103106
0.954,-0.157985
0.9545,-0.385297
0.955,-0.528723
0.9555,-0.556479
0.956,-0.461996
0.9565,-0.265427
0.957,-0.00925557
0.9575,0.250975
0.958,0.458724
0.9585,0.568804
0.959,0.557258
0.9595,0.426523
0.96,0.204884
0.9605,-0.0595365
0.961,-0.309502
0.9615,-0.49086
0.962,-0.564575
0.9625,-0.515103
0.963,-0.353708
0.9635,-0.116137
0.964,0.145326
0.9645,0.373211
0.965,0.517462
0.9655,0.546354
0.966,0.453333
0.9665,0.25866
0.967,0.00478812
0.9675,-0.252801
0.968,-0.457693
0.9685,-0.564893
0.969,-0.550645
0.9695,-0.417606
0.97,-0.19426
0.9705,0.0711447
0.971,0.321294
0.9715,0.502142
0.972,0.574689
0.9725,0.523534
0.973,0.360163
0.9735,0.120455
0.974,-0.143129
0.9745,-0.373104
0.975,-0.51933
0.9755,-0.550074
0.976,-0.45891
0.9765,-0.266082
0.977,-0.0140014
0.9775,0.24184
0.978,0.445152
0.9785,0.55108
0.979,0.535976
0.9795,0.402656
0.98,0.17974
0.9805,-0.0845186
0.981,-0.332803
0.9815,-0.511193
0.982,-0.580861
0.9825,-0.526653
0.983,-0.360301
0.9835,-0.117866
0.984,0.148094
0.9845,0.379872
0.985,0.527427
0.9855,0.559033
0.986,0.468325
0.9865,0.275612
0.987,0.0234204
0.9875,-0.232777
0.988,-0.43663
0.9885,-0.543379
0.989,-0.529429
0.9895,-0.397673
0.99,-0.176763
0.9905,0.0850818
0.991,0.330652
0.9915,0.506122
0.992,0.572903
0.9925,0.516039
0.993,0.347495
0.9935,0.103504
0.994,-0.163261
0.9945,-0.395093
0.995,-0.541987
0.9955,-0.572304
0.996,-0.479902
0.9965,-0.285204
0.997,-0.030935
0.9975,0.227325
0.998,0.433197
0.9985,0.541877
0.999,0.529812
0.9995,0.399936
1,0.18088
1.0005,-0.0791106
1.001,-0.322887
1.0015,-0.496743
1.002,-0.562281
1.0025,-0.504634
1.003,-0.335934
1.0035,-0.0924997
1.004,0.172917
1.0045,0.40277
1.005,0.547087
1.0055,0.574513
1.006,0.479068
1.0065,0.281438
1.007,0.0245327
1.0075,-0.235922
1.008,-0.44351
1.0085,-0.553415
1.009,-0.54215
1.0095,-0.412685
1.01,-0.19376
1.0105,0.0663342
1.011,0.310387
1.0115,0.484827
1.012,0.551185
1.0125,0.494792
1.013,0.32774
1.0135,0.0864257
1.014,-0.176491
1.0145,-0.403495
1.015,-0.544861
1.0155,-0.56939
1.016,-0.471356
1.0165,-0.271662
1.017,-0.0133583
1.0175,0.247756
1.018,0.455248
1.0185,0.564362
1.019,0.551746
1.0195,0.420584
1.02,0.199741
1.0205,-0.0623839
1.021,-0.308479
1.0215,-0.484848
1.022,-0.553101
1.0225,-0.498607
1.023,-0.333447
1.0235,-0.0940504
1.024,0.166947
1.0245,0.392129
1.025,0.531915
1.0255,0.555224
1.026,0.456524
1.0265,0.256831
1.027,-0.000739062
1.0275,-0.260385
1.028,-0.465722
1.0285,-0.572181
1.029,-0.556649
1.0295,-0.422443
1.03,-0.198739
1.0305,0.0658747
1.031,0.314052
1.0315,0.492055
1.032,0.561472
1.0325,0.507702
1.033,0.342963
1.0335,0.103747
1.034,-0.157306
1.0345,-0.38279
1.035,-0.523115
1.0355,-0.54733
1.036,-0.449913
1.0365,-0.251965
1.037,0.00339116
1.0375,0.260383
1.038,0.462823
1.0385,0.566318
1.039,0.547925
1.0395,0.411237
1.04,0.185597
1.0405,-0.0802703
1.041,-0.328954
1.0415,-0.506692
1.042,-0.575209
1.0425,-0.520033
1.043,-0.35358
1.0435,-0.112451
1.044,0.150577
1.0445,0.378005
1.045,0.520235
1.0455,0.546345
1.046,0.450843
1.0465,0.254863
1.047,0.00149578
1.0475,-0.25353
1.048,-0.45413
1.0485,-0.556023
1.049,-0.536489
1.0495,-0.399237
1.05,-0.173733
1.0505,0.0912544
1.051,0.338267
1.0515,0.513751
1.052,0.579584
1.0525,0.52146
1.053,0.35205
1.0535,0.108158
1.054,-0.157282
1.0545,-0.386659
1.055,-0.530402
1.0555,-0.557582
1.056,-0.462796
1.0565,-0.267235
1.057,-0.0140365
1.0575,0.241016
1.058,0.441886
1.0585,0.544357
1.059,0.525736
1.0595,0.389887
1.06,0.166279
1.0605,-0.0963559
1.061,-0.340643
1.0615,-0.513141
1.062,-0.575963
1.0625,-0.515033
1.063,-0.343235
1.0635,-0.097515
1.064,0.168968
1.0645,0.398705
1.065,0.542056
1.0655,0.568281
1.066,0.472068
1.0665,0.27479
1.067,0.0197649
1.0675,-0.237208
1.068,-0.439984
1.0685,-0.544301
1.069,-0.527598
1.0695,-0.393677
1.07,-0.172051
1.0705,0.0885171
1.071,0.330806
1.0715,0.501453
1.072,0.562704
1.0725,0.500725
1.073,0.328492
1.0735,0.0830849
1.074,-0.182343
1.0745,-0.410281
1.075,-0.551274
1.0755,-0.574701
1.076,-0.475549
1.0765,-0.275354
1.077,-0.0176805
1.0775,0.241609
1.078,0.44622
1.0785,0.551982
1.079,0.536285
1.0795,0.403083
1.08,0.181892
1.0805,-0.0784589
1.081,-0.320735
1.0815,-0.491631
1.082,-0.553501
1.0825,-0.492496
1.083,-0.321745
1.0835,-0.0783684
1.084,0.184614
1.0845,0.409739
1.085,0.547701
1.0855,0.568135
1.086,0.466235
1.0865,0.263799
1.087,0.00444708
1.0875,-0.255737
1.088,-0.460512
1.0885,-0.565778
1.089,-0.549047
1.0895,-0.414381
1.09,-0.191528
1.0905,0.0706507
1.091,0.314782
1.0915,0.487557
1.092,0.551284
1.0925,0.492196
1.093,0.323453
1.0935,0.0821125
1.094,-0.178746
1.0945,-0.401796
1.095,-0.537905
1.0955,-0.556831
1.096,-0.453966
1.0965,-0.251209
1.097,0.00767398
1.0975,0.266627
1.098,0.469513
1.0985,0.572331
1.099,0.552766
1.0995,0.415193
1.1,0.189488
1.1005,-0.0752289
1.101,-0.321529
1.1015,-0.496036
1.102,-0.561095
1.1025,-0.503004
1.103,-0.334953
1.1035,-0.0940772
1.104,0.166552
1.1045,0.389604
1.105,0.525953
1.1055,0.545541
1.106,0.443761
1.1065,0.242604
1.107,-0.0141439
1.1075,-0.270505
1.108,-0.470472
1.1085,-0.570199
1.109,-0.547674
1.1095,-0.407422
1.11,-0.179596
1.1105,0.08665
1.111,0.333705
1.1115,0.508259
1.112,0.57272
1.1125,0.513557
1.113,0.344027
1.1135,0.101513
1.114,-0.160874
1.1145,-0.3857
1.115,-0.52388
1.1155,-0.545311
1.116,-0.445454
1.1165,-0.246362
1.117,0.00825383
1.1175,0.262476
1.118,0.460353
1.1185,0.558246
1.119,0.534287
1.1195,0.39318
1.12,0.165194
1.1205,-0.1004
1.121,-0.346063
1.1215,-0.518574
1.122,-0.580502
1.1225,-0.518486
1.123,-0.346072
1.1235,-0.100794
1.124,0.164028
1.1245,0.390944
1.125,0.530767
1.1255,0.553499
1.126,0.454627
1.1265,0.256209
1.127,0.00210649
1.1275,-0.251814
1.128,-0.44967
1.1285,-0.547836
1.129,-0.524583
1.1295,-0.384638
1.13,-0.15839
1.1305,0.104947
1.131,0.347947
1.1315,0.517446
1.132,0.576295
1.1325,0.511358
1.133,0.336394
1.1335,0.0891103
1.134,-0.177018
1.1345,-0.404546
1.135,-0.544277
1.1355,-0.566327
1.136,-0.466315
1.1365,-0.266477
1.137,-0.0107194
1.1375,0.24492
1.138,0.444489
1.1385,0.544486
1.139,0.523105
1.1395,0.385161
1.14,0.161016
1.1405,-0.100109
1.141,-0.340874
1.1415,-0.508274
1.142,-0.565304
1.1425,-0.498992
1.143,-0.323292
1.1435,-0.0760327
1.144,0.189333
1.1445,0.4153
1.145,0.552894
1.1455,0.572334
1.146,0.46952
1.1465,0.266833
1.147,0.00844591
1.1475,-0.249513
1.148,-0.451086
1.1485,-0.552632
1.149,-0.532464
1.1495,-0.395475
1.15,-0.172069
1.1505,0.0885535
1.151,0.328994
1.1515,0.496387
1.152,0.553721
1.1525,0.488209
1.153,0.313815
1.1535,0.0684021
1.154,-0.19456
1.1545,-0.417714
1.155,-0.55228
1.1555,-0.568637
1.156,-0.462925
1.1565,-0.257768
1.157,0.00247519
1.1575,0.26161
1.158,0.463632
1.1585,0.565
1.159,0.544098
1.1595,0.405972
1.16,0.181133
1.1605,-0.0810663
1.161,-0.323177
1.1615,-0.492238
1.162,-0.55138
1.1625,-0.487746
1.163,-0.315376
1.1635,-0.0721436
1.164,0.188545
1.1645,0.40944
1.165,0.541901
1.1655,0.556478
1.166,0.449526
1.1665,0.243813
1.167,-0.0162931
1.1675,-0.274457
1.168,-0.474785
1.1685,-0.573875
1.169,-0.55034
1.1695,-0.409375
1.17,-0.181759
1.1705,0.0829582
1.171,0.327324
1.1715,0.498264
1.172,0.55892
1.1725,0.496503
1.173,0.325102
1.1735,0.0826333
1.174,-0.177502
1.1745,-0.398068
1.175,-0.530479
1.1755,-0.545446
1.176,-0.439338
1.1765,-0.23502
1.177,0.0230718
1.1775,0.278724
1.178,0.476189
1.1785,0.572184
1.179,0.5456
1.1795,0.401855
1.18,0.171904
1.1805,-0.0945337
1.181,-0.339909
1.1815,-0.511173
1.182,-0.571521
1.1825,-0.508287
1.183,-0.335734
1.1835,-0.0918429
1.184,0.169822
1.1845,0.391999
1.185,0.526111
1.1855,0.542846
1.186,0.438693
1.1865,0.236495
1.187,-0.0193262
1.1875,-0.272655
1.188,-0.467783
1.1885,-0.561697
1.189,-0.533392
1.1895,-0.388489
1.19,-0.158102
1.1905,0.108004
1.191,0.352251
1.1915,0.521716
1.192,0.579714
1.1925,0.513839
1.193,0.338517
1.1935,0.0919426
1.194,-0.172166
1.1945,-0.396483
1.195,-0.532361
1.1955,-0.550591
1.196,-0.447595
1.1965,-0.246378
1.197,0.00867482
1.1975,0.26144
1.198,0.456233
1.1985,0.550135
1.199,0.522254
1.1995,0.378331
1.2,0.149511
1.2005,-0.114461
1.201,-0.356079
1.2015,-0.522565
1.202,-0.577458
1.2025,-0.508532
1.203,-0.330479
1.2035,-0.0817233
1.204,0.18396
1.2045,0.409148
1.205,0.545231
1.2055,0.563071
1.206,0.459265
1.2065,0.25689
1.207,0.000475637
1.2075,-0.253742
1.208,-0.450112
1.2085,-0.545702
1.209,-0.519622
1.2095,-0.37768
1.21,-0.151022
1.2105,0.110639
1.211,0.34984
1.2115,0.514012
1.212,0.566817
1.2125,0.496283
1.213,0.317228
1.2135,0.0681838
1.214,-0.196985
1.2145,-0.420881
1.215,-0.555034
1.2155,-0.570467
1.216,-0.463971
1.2165,-0.258865
1.217,0.000168809
1.2175,0.256756
1.218,0.455149
1.2185,0.552456
1.219,0.527802
1.2195,0.387064
1.22,0.161397
1.2205,-0.0994221
1.221,-0.337999
1.2215,-0.50183
1.222,-0.554681
1.2225,-0.484643
1.223,-0.306641
1.2235,-0.0592956
1.224,0.203605
1.2245,0.424777
1.225,0.55589
1.2255,0.5682
1.226,0.458734
1.2265,0.251023
1.227,-0.0100591
1.2275,-0.26801
1.228,-0.467145
1.2285,-0.564525
1.229,-0.539426
1.2295,-0.397832
1.23,-0.171021
1.2305,0.0911033
1.231,0.331142
1.2315,0.496503
1.232,0.551043
1.2325,0.482879
1.233,0.306954
1.2335,0.0618532
1.234,-0.198623
1.2345,-0.417357
1.235,-0.546124
1.2355,-0.556399
1.236,-0.445395
1.2365,-0.236816
1.237,0.0243775
1.2375,0.281676
1.238,0.479407
1.2385,0.574761
1.239,0.547209
1.2395,0.402957
1.24,0.173507
1.2405,-0.0911745
1.241,-0.333447
1.2415,-0.500778
1.242,-0.556959
1.2425,-0.490158
1.243,-0.315436
1.2435,-0.0713595
1.244,0.188263
1.2445,0.406363
1.245,0.534793
1.2455,0.545171
1.246,0.434784
1.2465,0.227402
1.247,-0.0319301
1.2475,-0.286833
1.248,-0.481725
1.2485,-0.57396
1.249,-0.543312
1.2495,-0.396153
1.25,-0.164202
1.2505,0.102394
1.251,0.345919
1.2515,0.513846
1.252,0.570028
1.2525,0.50274
1.253,0.32717
1.2535,0.0819965
1.254,-0.178917
1.2545,-0.3984
1.255,-0.528369
1.2555,-0.540423
1.256,-0.431936
1.2565,-0.226677
1.257,0.030346
1.2575,0.282757
1.258,0.47514
1.2585,0.565062
1.259,0.532458
1.2595,0.383846
1.26,0.151195
1.2605,-0.11531
1.261,-0.358001
1.2615,-0.524351
1.262,-0.578447
1.2625,-0.508674
1.263,-0.330437
1.2635,-0.0826806
1.264,0.180672
1.2645,0.402319
1.265,0.534182
1.2655,0.547846
1.266,0.440742
1.2665,0.236746
1.267,-0.0192124
1.2675,-0.270737
1.268,-0.462476
1.2685,-0.552112
1.269,-0.519643
1.2695,-0.371764
1.27,-0.140439
1.2705,0.124128
1.271,0.364295
1.2715,0.527726
1.272,0.578694
1.2725,0.505828
1.273,0.324812
1.2735,0.0746575
1.274,-0.190452
1.2745,-0.413195
1.275,-0.545534
1.2755,-0.5591
1.276,-0.451481
1.2765,-0.246576
1.277,0.010459
1.2775,0.26322
1.278,0.456336
1.2785,0.547467
1.279,0.516728
1.2795,0.370838
1.28,0.141714
1.2805,-0.120413
1.281,-0.358012
1.2815,-0.518941
1.282,-0.567576
1.2825,-0.492832
1.283,-0.310469
1.2835,-0.0597942
1.284,0.205085
1.2845,0.426855
1.285,0.557497
1.2855,0.568921
1.286,0.458797
1.2865,0.251328
1.287,-0.00823711
1.2875,-0.263319
1.288,-0.458527
1.2885,-0.551471
1.289,-0.522309
1.2895,-0.377793
1.29,-0.149941
1.2905,0.111096
1.291,0.347781
1.2915,0.50805
1.292,0.556434
1.2925,0.481952
1.293,0.300463
1.2935,0.051258
1.294,-0.211507
1.2945,-0.430623
1.295,-0.558298
1.2955,-0.566555
1.296,-0.453374
1.2965,-0.243191
1.297,0.0185844
1.2975,0.27531
1.298,0.471483
1.2985,0.564821
1.299,0.535509
1.2995,0.39045
1.3,0.161732
1.3005,-0.100304
1.301,-0.338226
1.3015,-0.499819
1.302,-0.54975
1.3025,-0.476988
1.303,-0.29754
1.3035,-0.0506352
1.304,0.20963
1.3045,0.42614
1.305,0.55126
1.3055,0.557252
1.306,0.442289
1.3065,0.230934
1.307,-0.0312179
1.3075,-0.287529
1.308,-0.482554
1.3085,-0.574112
1.309,-0.542554
1.3095,-0.395023
1.31,-0.163779
1.3105,0.100736
1.311,0.340891
1.3115,0.504507
1.312,0.556179
1.3125,0.485037
1.313,0.306978
1.3135,0.0613547
1.314,-0.197748
1.3145,-0.413321
1.315,-0.537788
1.3155,-0.543574
1.316,-0.428967
1.3165,-0.218583
1.317,0.0419476
1.3175,0.296028
1.318,0.488277
1.3185,0.576799
1.319,0.542111
1.3195,0.391602
1.32,0.157753
1.3205,-0.108841
1.321,-0.350466
1.3215,-0.514921
1.322,-0.566887
1.3225,-0.495508
1.323,-0.316908
1.3235,-0.0704771
1.324,0.189651
1.3245,0.406371
1.325,0.532196
1.3255,0.539571
1.326,0.426782
1.3265,0.218507
1.327,-0.0396374
1.3275,-0.291109
1.328,-0.480719
1.3285,-0.566664
1.329,-0.529799
1.3295,-0.377583
1.33,-0.142703
1.3305,0.124105
1.331,0.365157
1.3315,0.52833
1.332,0.578452
1.3325,0.504816
1.333,0.323758
1.3335,0.0748567
1.334,-0.187615
1.3345,-0.406514
1.335,-0.534296
1.3355,-0.543375
1.336,-0.432134
1.3365,-0.225337
1.337,0.0314953
1.3375,0.281796
1.338,0.470438
1.3385,0.55581
1.339,0.518788
1.3395,0.367048
1.34,0.133315
1.3405,-0.131711
1.341,-0.370381
1.3415,-0.530743
1.342,-0.577733
1.3425,-0.501001
1.343,-0.31704
1.3435,-0.0656295
1.344,0.198803
1.3445,0.419023
1.345,0.547523
1.3455,0.556811
1.346,0.445362
1.3465,0.238006
1.347,-0.0196187
1.3475,-0.270877
1.348,-0.460655
1.3485,-0.547367
1.349,-0.511944
1.3495,-0.362083
1.35,-0.130543
1.3505,0.131994
1.351,0.367992
1.3515,0.525635
1.352,0.570124
1.3525,0.491276
1.353,0.305739
1.3535,0.0534884
1.354,-0.210991
1.3545,-0.430483
1.355,-0.557577
1.3555,-0.56495
1.356,-0.451203
1.3565,-0.241406
1.357,0.0185935
1.3575,0.27214
1.358,0.464034
1.3585,0.552628
1.359,0.51893
1.3595,0.37064
1.36,0.140588
1.3605,-0.120585
1.361,-0.35537
1.3615,-0.512062
1.362,-0.556001
1.3625,-0.477068
1.363,-0.292136
1.3635,-0.0411441
1.364,0.221404
1.3645,0.438385
1.365,0.562573
1.3655,0.566809
1.366,0.450008
1.3665,0.237422
1.367,-0.0249525
1.3675,-0.280311
1.368,-0.47338
1.3685,-0.562612
1.369,-0.529059
1.3695,-0.38053
1.37,-0.14994
1.3705,0.11199
1.371,0.347729
1.3715,0.505539
1.372,0.550818
1.3725,0.473569
1.373,0.290621
1.3735,0.0419508
1.374,-0.218024
1.3745,-0.43228
1.375,-0.553765
1.3755,-0.555514
1.376,-0.436675
1.3765,-0.222649
1.377,0.0404124
1.3775,0.295638
1.378,0.487884
1.3785,0.575601
1.379,0.540055
1.3795,0.38925
1.38,0.156281
1.3805,-0.107969
1.381,-0.345914
1.3815,-0.505747
1.382,-0.552892
1.3825,-0.477325
1.383,-0.295971
1.3835,-0.0488322
1.384,0.209714
1.3845,0.422759
1.385,0.543312
1.3855,0.54456
1.386,0.42578
1.3865,0.212463
1.387,-0.0491731
1.3875,-0.3023
1.388,-0.491927
1.3885,-0.576665
1.389,-0.537974
1.3895,-0.384181
1.39,-0.148495
1.3905,0.117982
1.391,0.357584
1.3915,0.518513
1.392,0.566204
1.3925,0.490749
1.393,0.309139
1.3935,0.0614828
1.394,-0.197805
1.3945,-0.411744
1.395,-0.533393
1.3955,-0.536026
1.396,-0.418963
1.3965,-0.207733
1.397,0.0514839
1.3975,0.301955
1.398,0.488774
1.3985,0.570823
1.399,0.529711
1.3995,0.373971
1.4,0.137021
1.4005,-0.129994
1.401,-0.369296
1.4015,-0.529239
1.402,-0.575308
1.4025,-0.497821
1.403,-0.313973
1.4035,-0.063988
1.404,0.197542
1.4045,0.413613
1.405,0.537232
1.4055,0.5417
1.406,0.42636
1.4065,0.216779
1.407,-0.0408838
1.4075,-0.289904
1.408,-0.475481
1.4085,-0.556602
1.409,-0.515069
1.4095,-0.359497
1.41,-0.123429
1.4105,0.14199
1.411,0.379096
1.4115,0.536325
1.412,0.579363
1.4125,0.498777
1.413,0.311972
1.4135,0.0593995
1.414,-0.204215
1.4145,-0.421827
1.415,-0.546414
1.4155,-0.551353
1.416,-0.436087
1.4165,-0.226265
1.417,0.0318849
1.4175,0.281612
1.418,0.468057
1.4185,0.550311
1.419,0.51023
1.4195,0.356453
1.42,0.122561
1.4205,-0.140362
1.421,-0.374715
1.4215,-0.529098
1.422,-0.569437
1.4225,-0.486494
1.423,-0.297885
1.4235,-0.0441679
1.424,0.21978
1.4245,0.436945
1.425,0.560418
1.4255,0.563705
1.426,0.446398
1.4265,0.234327
1.427,-0.0260801
1.4275,-0.277973
1.428,-0.466504
1.4285,-0.550668
1.429,-0.512414
1.4295,-0.360364
1.43,-0.12814
1.4305,0.13314
1.431,0.366008
1.4315,0.519158
1.432,0.558635
1.4325,0.475375
1.433,0.287051
1.4335,0.0343935
1.434,-0.227858
1.4345,-0.442682
1.435,-0.563363
1.4355,-0.563557
1.436,-0.443187
1.4365,-0.228268
1.437,0.0346157
1.4375,0.288477
1.438,0.478409
1.4385,0.563463
1.439,0.525607
1.4395,0.373638
1.44,0.141188
1.4405,-0.120567
1.441,-0.354083
1.4415,-0.508101
1.442,-0.548761
1.4425,-0.466995
1.443,-0.280545
1.4435,-0.0301786
1.444,0.229442
1.4445,0.441452
1.445,0.559283
1.4455,0.556827
1.446,0.434159
1.4465,0.217565
1.447,-0.0462715
1.4475,-0.300319
1.448,-0.489662
1.4485,-0.573483
1.449,-0.533903
1.4495,-0.379877
1.45,-0.145257
1.4505,0.118682
1.451,0.354314
1.4515,0.510336
1.452,0.552873
1.4525,0.472925
1.453,0.288302
1.4535,0.0396359
1.454,-0.218326
1.4545,-0.428819
1.455,-0.545417
1.4555,-0.542145
1.456,-0.419289
1.4565,-0.203142
1.457,0.0595183
1.4575,0.311688
1.458,0.498565
1.4585,0.579518
1.459,0.53688
1.4595,0.37984
1.46,0.142434
1.4605,-0.123857
1.461,-0.36133
1.4615,-0.518635
1.462,-0.56198
1.4625,-0.482424
1.463,-0.297809
1.4635,-0.0489522
1.464,0.209412
1.4645,0.420545
1.465,0.538023
1.4655,0.53596
1.466,0.414669
1.4665,0.200502
1.467,-0.0597596
1.4675,-0.309203
1.468,-0.493209
1.4685,-0.571308
1.469,-0.526033
1.4695,-0.366828
1.47,-0.12791
1.4705,0.139183
1.471,0.376658
1.4715,0.53327
1.472,0.57529
1.4725,0.493944
1.473,0.30731
1.4735,0.0563329
1.474,-0.204191
1.4745,-0.417341
1.475,-0.536779
1.4755,-0.536595
1.476,-0.417153
1.4765,-0.204801
1.477,0.0536507
1.4775,0.301395
1.478,0.483879
1.4785,0.560761
1.479,0.514784
1.4795,0.355457
1.48,0.117137
1.4805,-0.148589
1.481,-0.384059
1.4815,-0.53808
1.482,-0.577185
1.4825,-0.492818
1.483,-0.303215
1.4835,-0.0495691
1.484,0.213162
1.4845,0.428043
1.485,0.548643
1.4855,0.549225
1.486,0.430093
1.4865,0.21783
1.487,-0.0408254
1.4875,-0.288935
1.488,-0.472046
1.4885,-0.549834
1.489,-0.505092
1.4895,-0.347458
1.49,-0.11124
1.4905,0.15197
1.491,0.38464
1.4915,0.535758
1.492,0.571996
1.4925,0.485055
1.493,0.293405
1.4935,0.0383861
1.494,-0.224966
1.4945,-0.439707
1.495,-0.5595
1.4955,-0.558661
1.496,-0.437772
1.4965,-0.223479
1.497,0.0372261
1.4975,0.287416
1.498,0.472511
1.4985,0.552219
1.499,0.509367
1.4995,0.35359
1.5,0.119222
1.5005,-0.142164
1.501,-0.37306
1.5015,-0.522634
1.502,-0.557737
1.5025,-0.470165
1.503,-0.278556
1.5035,-0.024281
1.504,0.237535
1.5045,0.450114
1.505,0.567263
1.5055,0.563451
1.506,0.439543
1.5065,0.222388
1.507,-0.0408985
1.5075,-0.293183
1.508,-0.479842
1.5085,-0.560664
1.509,-0.518522
1.5095,-0.363093
1.51,-0.128811
1.5105,0.132714
1.511,0.364003
1.5115,0.514184
1.512,0.550204
1.5125,0.463967
1.513,0.274122
1.5135,0.022074
1.514,-0.237164
1.5145,-0.446862
1.515,-0.561033
1.5155,-0.554415
1.516,-0.428027
1.5165,-0.208932
1.517,0.0555488
1.5175,0.308277
1.518,0.494671
1.5185,0.574539
1.519,0.530922
1.5195,0.373701
1.52,0.137473
1.5205,-0.126083
1.521,-0.359357
1.5215,-0.511496
1.522,-0.549433
1.5225,-0.465069
1.523,-0.277157
1.5235,-0.0270337
1.524,0.230294
1.5245,0.438217
1.525,0.550889
1.5255,0.543152
1.526,0.416255
1.5265,0.197346
1.527,-0.0662143
1.5275,-0.317304
1.528,-0.501421
1.5285,-0.578576
1.529,-0.53198
1.5295,-0.371762
1.53,-0.132735
1.5305,0.133237
1.531,0.368481
1.5315,0.522108
1.532,0.561052
1.5325,0.477358
1.533,0.289769
1.5335,0.039735
1.534,-0.217707
1.5345,-0.425957
1.535,-0.539232
1.5355,-0.53252
1.536,-0.407022
1.5365,-0.189998
1.537,0.0712291
1.5375,0.31958
1.538,0.500763
1.5385,0.574923
1.539,0.525544
1.5395,0.362962
1.54,0.12215
1.5405,-0.144889
1.541,-0.380429
1.5415,-0.53364
1.542,-0.571562
1.5425,-0.486365
1.543,-0.297012
1.5435,-0.0450646
1.544,0.214341
1.5445,0.424548
1.545,0.539733
1.5455,0.534878
1.546,0.411305
1.5465,0.196239
1.547,-0.0630019
1.5475,-0.309422
1.548,-0.488791
1.5485,-0.56148
1.549,-0.511091
1.5495,-0.348108
1.55,-0.107629
1.5505,0.158322
1.551,0.392051
1.5515,0.542845
1.552,0.57797
1.5525,0.489808
1.553,0.297536
1.5535,0.0428833
1.554,-0.218836
1.5545,-0.430894
1.555,-0.547466
1.5555,-0.543621
1.556,-0.42067
1.5565,-0.205963
1.557,0.0531414
1.5575,0.299659
1.558,0.479348
1.5585,0.552655
1.559,0.503319
1.5595,0.341865
1.56,0.103359
1.5605,-0.160125
1.561,-0.391049
1.5615,-0.538856
1.562,-0.571025
1.5625,-0.480122
1.563,-0.285583
1.5635,-0.0293296
1.564,0.233281
1.5645,0.445482
1.565,0.561528
1.5655,0.556553
1.566,0.432076
1.5665,0.215618
1.567,-0.0453706
1.5675,-0.293781
1.568,-0.475389
1.5685,-0.550572
1.569,-0.503138
1.5695,-0.343643
1.57,-0.107168
1.5705,0.154249
1.571,0.383197
1.5715,0.529209
1.572,0.559893
1.5725,0.468099
1.573,0.273297
1.5735,0.0175148
1.574,-0.243859
1.5745,-0.454103
1.575,-0.567652
1.5755,-0.559861
1.576,-0.432439
1.5765,-0.213117
1.577,0.0504173
1.5775,0.301038
1.578,0.484383
1.5785,0.560897
1.579,0.514374
1.5795,0.355487
1.58,0.119421
1.5805,-0.141879
1.581,-0.37087
1.5815,-0.517208
1.582,-0.548618
1.5825,-0.457926
1.583,-0.264764
1.5835,-0.0111111
1.584,0.247693
1.5845,0.45504
1.585,0.565554
1.5855,0.554789
1.586,0.424733
1.5865,0.203268
1.587,-0.0617531
1.5875,-0.313106
1.588,-0.496438
1.5885,-0.572321
1.589,-0.524668
1.5895,-0.364255
1.59,-0.126456
1.5905,0.136658
1.591,0.367514
1.5915,0.515683
1.592,0.548973
1.5925,0.460206
1.593,0.269018
1.5935,0.0174527
1.594,-0.239241
1.5945,-0.444563
1.595,-0.55329
1.5955,-0.541155
1.596,-0.410289
1.5965,-0.188713
1.597,0.0756386
1.5975,0.325558
1.598,0.506839
1.5985,0.580149
1.599,0.529611
1.5995,0.366291
1.6,0.125704
1.6005,-0.139866
1.601,-0.372808
1.6015,-0.522641
1.602,-0.55716
1.6025,-0.469321
1.603,-0.278788
1.6035,-0.0276004
1.604,0.228854
1.6045,0.434257
1.605,0.543305
1.6055,0.531926
1.606,0.402244
1.6065,0.182417
1.607,-0.0796894
1.6075,-0.326947
1.608,-0.50525
1.6085,-0.575486
1.609,-0.522054
1.6095,-0.356173
1.61,-0.113617
1.6105,0.153256
1.611,0.386775
1.6115,0.536483
1.612,0.570264
1.6125,0.481213
1.613,0.289148
1.6135,0.0362785
1.614,-0.221967
1.6145,-0.429157
1.615,-0.540043
1.6155,-0.530546
1.616,-0.402842
1.6165,-0.185094
1.617,0.0748962
1.6175,0.319963
1.618,0.496211
1.6185,0.564707
1.619,0.509926
1.6195,0.343368
1.62,0.100829
1.6205,-0.165207
1.621,-0.397166
1.6215,-0.544689
1.622,-0.575847
1.6225,-0.483933
1.623,-0.289001
1.6235,-0.033483
1.624,0.227129
1.6245,0.436284
1.625,0.548741
1.6255,0.540423
1.626,0.413601
1.6265,0.196503
1.627,-0.0630575
1.6275,-0.307911
1.628,-0.484202
1.6285,-0.553049
1.629,-0.499137
1.6295,-0.333892
1.63,-0.0932176
1.6305,0.170454
1.631,0.3996
1.6315,0.544097
1.632,0.572175
1.6325,0.477414
1.633,0.280021
1.6335,0.0226346
1.634,-0.239114
1.6345,-0.448717
1.635,-0.560913
1.6355,-0.551796
1.636,-0.423766
1.6365,-0.205162
1.637,0.0560201
1.6375,0.302596
1.638,0.480633
1.6385,0.551298
1.639,0.499276
1.6395,0.336033
1.64,0.0975184
1.6405,-0.163968
1.641,-0.390918
1.6415,-0.533366
1.642,-0.559717
1.6425,-0.463737
1.643,-0.265833
1.6435,-0.00864787
1.644,0.252116
1.6445,0.460004
1.645,0.569921
1.6455,0.558088
1.646,0.427213
1.6465,0.205813
1.647,-0.0579648
1.6475,-0.30678
1.648,-0.48672
1.6485,-0.558865
1.649,-0.508006
1.6495,-0.345674
1.65,-0.107797
1.6505,0.153177
1.651,0.379867
1.6515,0.522358
1.652,0.549148
1.6525,0.454047
1.653,0.257563
1.6535,0.00239045
1.654,-0.255893
1.6545,-0.460882
1.655,-0.567733
1.6555,-0.552878
1.656,-0.419235
1.6565,-0.195496
1.657,0.0699736
1.6575,0.319787
1.658,0.499994
1.6585,0.571794
1.659,0.520047
1.6595,0.356494
1.66,0.117134
1.6605,-0.145454
1.661,-0.373812
1.6615,-0.518019
1.662,-0.546642
1.6625,-0.453471
1.663,-0.259078
1.6635,-0.00612111
1.664,0.249868
1.6645,0.452609
1.665,0.557422
1.6655,0.540882
1.666,0.406137
1.6665,0.182002
1.667,-0.0830853
1.6675,-0.331778
1.668,-0.510134
1.6685,-0.579589
1.669,-0.525129
1.6695,-0.358758
1.67,-0.116716
1.6705,0.148374
1.671,0.378866
1.6715,0.524874
1.672,0.554914
1.6725,0.462867
1.673,0.269366
1.6735,0.0171186
1.674,-0.238393
1.6745,-0.440874
1.675,-0.545735
1.6755,-0.529715
1.676,-0.395933
1.6765,-0.173391
1.677,0.0895679
1.6775,0.335613
1.678,0.511027
1.6785,0.577357
1.679,0.519887
1.6795,0.350807
1.68,0.106552
1.6805,-0.160084
1.681,-0.391415
1.6815,-0.537589
1.682,-0.56717
1.6825,-0.474248
1.683,-0.279537
1.6835,-0.0258312
1.684,0.231215
1.6845,0.435321
1.685,0.54187
1.6855,0.527669
1.686,0.395885
1.6865,0.175459
1.687,-0.0852283
1.6875,-0.328925
1.688,-0.502056
1.6885,-0.566369
1.689,-0.507343
1.6895,-0.337264
1.69,-0.092792
1.6905,0.173291
1.691,0.403326
1.6915,0.547516
1.692,0.574667
1.6925,0.479024
1.693,0.281516
1.6935,0.0251786
1.694,-0.234246
1.6945,-0.440415
1.695,-0.548673
1.6955,-0.535871
1.696,-0.405224
1.6965,-0.185704
1.697,0.0742189
1.6975,0.317387
1.698,0.490254
1.6985,0.554663
1.699,0.496152
1.6995,0.327206
1.7,0.0843961
1.7005,-0.1794
1.701,-0.406732
1.7015,-0.54787
1.702,-0.571921
1.7025,-0.473329
1.703,-0.273214
1.7035,-0.0148285
1.704,0.245969
1.7045,0.452829
1.705,0.561144
1.7055,0.547798
1.706,0.416211
1.7065,0.195483
1.707,-0.0658433
1.7075,-0.310519
1.708,-0.484981
1.7085,-0.551093
1.709,-0.494453
1.7095,-0.327547
1.71,-0.086975
1.7105,0.174457
1.711,0.399375
1.7115,0.538241
1.712,0.560302
1.7125,0.46022
1.713,0.259258
1.7135,0.000780378
1.714,-0.259295
1.7145,-0.464697
1.715,-0.570979
1.7155,-0.555153
1.716,-0.420877
1.7165,-0.197451
1.717,0.066438
1.7175,0.313409
1.718,0.489812
1.7185,0.557554
1.719,0.502282
1.7195,0.336492
1.72,0.0968742
1.7205,-0.163785
1.721,-0.38816
1.7215,-0.52678
1.722,-0.548999
1.7225,-0.449551
1.723,-0.249854
1.7235,0.00678531
1.724,0.264469
1.7245,0.467048
1.725,0.570227
1.7255,0.551294
1.726,0.414094
1.7265,0.188184
1.727,-0.0776026
1.7275,-0.325797
1.728,-0.502777
1.7285,-0.570482
1.729,-0.514641
1.7295,-0.347944
1.73,-0.10711
1.7305,0.154896
1.731,0.380711
1.7315,0.52091
1.732,0.544822
1.7325,0.447269
1.733,0.249687
1.7335,-0.0046523
1.734,-0.259933
1.7345,-0.460052
1.735,-0.560949
1.7355,-0.540114
1.736,-0.401514
1.7365,-0.17495
1.737,0.0907432
1.7375,0.338059
1.738,0.513442
1.7385,0.579004
1.739,0.52064
1.7395,0.35124
1.74,0.107792
1.7405,-0.156718
1.741,-0.384728
1.7415,-0.52679
1.742,-0.552303
1.7425,-0.456115
1.743,-0.259661
1.7435,-0.0063379
1.744,0.248139
1.7445,0.447697
1.745,0.548352
1.7455,0.527713
1.746,0.389889
1.7465,0.164646
1.747,-0.0990891
1.7475,-0.343878
1.748,-0.516354
1.7485,-0.578771
1.749,-0.517333
1.7495,-0.345134
1.75,-0.0993288
1.7505,0.166935
1.751,0.396031
1.7515,0.538519
1.752,0.563902
1.7525,0.467072
1.753,0.269678
1.7535,0.0151965
1.754,-0.240588
1.7545,-0.441587
1.755,-0.543808
1.7555,-0.524909
1.756,-0.389031
1.7565,-0.165974
1.757,0.0953389
1.7575,0.337622
1.758,0.507614
1.7585,0.567783
1.759,0.504507
1.7595,0.331019
1.76,0.0846745
1.7605,-0.181309
1.761,-0.40938
1.7615,-0.550183
1.762,-0.573317
1.7625,-0.473991
1.763,-0.273958
1.7635,-0.0169089
1.764,0.241235
1.7645,0.444331
1.765,0.548345
1.7655,0.530997
1.766,0.396465
1.7665,0.174601
1.767,-0.0856931
1.7675,-0.327161
1.768,-0.496611
1.7685,-0.556569
1.769,-0.493571
1.7695,-0.320949
1.77,-0.0761335
1.7705,0.187718
1.771,0.413138
1.7715,0.550963
1.772,0.570951
1.7725,0.468562
1.773,0.265828
1.7735,0.00651568
1.774,-0.253216
1.7745,-0.457251
1.775,-0.561597
1.7755,-0.544038
1.776,-0.408903
1.7765,-0.186127
1.777,0.0752887
1.7775,0.318035
1.778,0.48887
1.7785,0.550407
1.779,0.489158
1.7795,0.31858
1.78,0.0760033
1.7805,-0.18538
1.781,-0.408237
1.7815,-0.543564
1.782,-0.561343
1.7825,-0.457207
1.783,-0.253346
1.7835,0.00632131
1.784,0.265618
1.7845,0.468462
1.785,0.570996
1.7855,0.551169
1.786,0.413481
1.7865,0.188112
1.787,-0.0758085
1.7875,-0.320813
1.788,-0.493662
1.7885,-0.556968
1.789,-0.497273
1.7895,-0.328051
1.79,-0.0867121
1.7905,0.173632
1.791,0.395631
1.7915,0.530394
1.792,0.548031
1.7925,0.444252
1.793,0.24139
1.7935,-0.0166286
1.794,-0.273685
1.7945,-0.473797
1.795,-0.57327
1.7955,-0.550289
1.796,-0.409632
1.7965,-0.181651
1.797,0.0843304
1.7975,0.330808
1.798,0.504444
1.7985,0.567965
1.799,0.508023
1.7995,0.338173
1.8,0.0958982
1.8005,-0.165511
1.801,-0.388731
1.8015,-0.524907
1.802,-0.544121
1.8025,-0.442204
1.803,-0.241436
1.8035,0.0142157
1.804,0.268712
1.8045,0.466211
1.805,0.563202
1.8055,0.538041
1.806,0.395737
1.8065,0.166787
1.807,-0.0994126
1.8075,-0.345299
1.808,-0.517621
1.8085,-0.579256
1.809,-0.517002
1.8095,-0.344614
1.81,-0.0998385
1.8105,0.16396
1.811,0.389406
1.8115,0.527489
1.812,0.548428
1.8125,0.448019
1.813,0.248637
1.8135,-0.00576906
1.814,-0.259171
1.8145,-0.455788
1.815,-0.552263
1.8155,-0.527028
1.816,-0.385211
1.8165,-0.157406
1.817,0.106989
1.8175,0.350466
1.818,0.51998
1.8185,0.578478
1.819,0.513096
1.8195,0.337837
1.82,0.0905373
1.8205,-0.175191
1.821,-0.40195
1.8215,-0.540728
1.822,-0.561836
1.8225,-0.461136
1.823,-0.261135
1.8235,-0.00584615
1.824,0.248599
1.8245,0.446432
1.825,0.544269
1.8255,0.520647
1.826,0.380742
1.8265,0.155106
1.827,-0.106832
1.8275,-0.347693
1.828,-0.514548
1.8285,-0.570608
1.829,-0.503128
1.8295,-0.326304
1.83,-0.0782277
1.8305,0.187557
1.831,0.413524
1.8315,0.55086
1.832,0.569983
1.8325,0.46697
1.833,0.264465
1.8335,0.00672962
1.834,-0.250026
1.8345,-0.449966
1.835,-0.549704
1.8355,-0.527806
1.836,-0.389417
1.8365,-0.165196
1.837,0.095447
1.8375,0.335168
1.838,0.501144
1.8385,0.556689
1.839,0.489206
1.8395,0.313021
1.84,0.0662173
1.8405,-0.197605
1.841,-0.421092
1.8415,-0.555494
1.842,-0.571479
1.8425,-0.465384
1.843,-0.260094
1.8435,-1.22489e-06
1.844,0.258567
1.8445,0.459682
1.845,0.559988
1.8455,0.538156
1.846,0.399443
1.8465,0.174603
1.847,-0.0868682
1.8475,-0.327629
1.848,-0.494796
1.8485,-0.551474
1.849,-0.48594
1.8495,-0.311711
1.85,-0.0672018
1.8505,0.19408
1.851,0.41487
1.8515,0.546627
1.852,0.56018
1.8525,0.452078
1.853,0.245365
1.8535,-0.0153573
1.854,-0.273788
1.8545,-0.474017
1.855,-0.572781
1.8555,-0.548904
1.856,-0.407898
1.8565,-0.180619
1.857,0.0832363
1.8575,0.326217
1.858,0.49542
1.8585,0.554191
1.859,0.490064
1.8595,0.317413
1.86,0.0743475
1.8605,-0.185613
1.861,-0.405229
1.8615,-0.536112
1.862,-0.549234
1.8625,-0.441213
1.863,-0.235261
1.8635,0.0240391
1.864,0.280364
1.8645,0.477937
1.865,0.573721
1.8655,0.546726
1.866,0.402669
1.8665,0.1727
1.867,-0.0934076
1.8675,-0.338033
1.868,-0.508296
1.8685,-0.567575
1.869,-0.503491
1.8695,-0.330516
1.87,-0.086847
1.8705,0.173894
1.871,0.394511
1.8715,0.52658
1.872,0.541105
1.8725,0.434829
1.873,0.230946
1.8735,-0.0259872
1.874,-0.279681
1.8745,-0.474526
1.875,-0.567637
1.8755,-0.538256
1.876,-0.392294
1.8765,-0.161048
1.877,0.105513
1.8775,0.349847
1.878,0.519048
1.8785,0.576703
1.879,0.510508
1.8795,0.335228
1.88,0.0891874
1.8805,-0.173867
1.881,-0.396635
1.8815,-0.530687
1.882,-0.547031
1.8825,-0.442446
1.883,-0.240135
1.8835,0.0152934
1.884,0.2676
1.8845,0.46128
1.885,0.553552
1.8855,0.523784
1.886,0.378049
1.8865,0.147707
1.887,-0.117273
1.8875,-0.359362
1.888,-0.52587
1.8885,-0.580466
1.889,-0.511174
1.8895,-0.33294
1.89,-0.0842813
1.8905,0.180854
1.891,0.405159
1.8915,0.54013
1.892,0.556903
1.8925,0.452298
1.893,0.249667
1.8935,-0.00630672
1.894,-0.259412
1.8945,-0.454022
1.895,-0.547492
1.8955,-0.519194
1.896,-0.375251
1.8965,-0.147092
1.897,0.115417
1.8975,0.35478
1.898,0.518489
1.8985,0.570424
1.899,0.498828
1.8995,0.318778
1.9,0.0690533
1.9005,-0.196431
1.901,-0.420254
1.9015,-0.554059
1.902,-0.56909
1.9025,-0.462408
1.903,-0.257506
1.9035,0.000807853
1.904,0.256127
1.9045,0.452845
1.905,0.548212
1.9055,0.521701
1.906,0.379463
1.9065,0.152943
1.907,-0.108014
1.9075,-0.345987
1.908,-0.508505
1.9085,-0.559653
1.909,-0.487778
1.9095,-0.308072
1.91,-0.0593903
1.9105,0.204337
1.911,0.425791
1.9115,0.556792
1.912,0.568762
1.9125,0.458988
1.913,0.251212
1.9135,-0.00957966
1.914,-0.266868
1.9145,-0.464962
1.915,-0.561183
1.9155,-0.53505
1.916,-0.392797
1.9165,-0.165948
1.917,0.0955563
1.9175,0.334244
1.918,0.497718
1.9185,0.550073
1.919,0.479694
1.9195,0.301897
1.92,0.0554857
1.9205,-0.205665
1.921,-0.42433
1.9215,-0.552524
1.922,-0.561844
1.9225,-0.449841
1.923,-0.240418
1.9235,0.0213077
1.924,0.278716
1.9245,0.476234
1.925,0.571173
1.9255,0.543265
1.926,0.398908
1.9265,0.169802
1.927,-0.093966
1.9275,-0.334812
1.928,-0.500304
1.9285,-0.554545
1.929,-0.485968
1.9295,-0.309882
1.93,-0.0651458
1.9305,0.194393
1.931,0.411645
1.9315,0.538646
1.932,0.547245
1.9325,0.435072
1.933,0.226095
1.9335,-0.034387
1.934,-0.289932
1.9345,-0.484947
1.935,-0.576999
1.9355,-0.546001
1.936,-0.398628
1.9365,-0.166737
1.937,0.0993599
1.9375,0.342027
1.938,0.508824
1.9385,0.563801
1.939,0.495567
1.9395,0.319467
1.94,0.0744279
1.9405,-0.185616
1.941,-0.403566
1.9415,-0.53155
1.942,-0.541357
1.9425,-0.430784
1.943,-0.223819
1.9435,0.03432
1.944,0.287166
1.9445,0.479339
1.945,0.568578
1.9455,0.534999
1.946,0.385456
1.9465,0.15206
1.947,-0.114788
1.9475,-0.35746
1.948,-0.523472
1.9485,-0.577099
1.949,-0.507027
1.9495,-0.328839
1.95,-0.0816076
1.9505,0.180626
1.951,0.400673
1.9515,0.530607
1.952,0.542309
1.9525,0.433514
1.953,0.22832
1.9535,-0.02808
1.954,-0.279313
1.9545,-0.47001
1.955,-0.558098
1.9555,-0.523865
1.956,-0.374257
1.9565,-0.141486
1.957,0.124001
1.9575,0.36461
1.958,0.52805
1.9585,0.578743
1.959,0.505592
1.9595,0.324409
1.96,0.0745168
1.9605,-0.189928
1.961,-0.411658
1.9615,-0.542784
1.962,-0.555164
1.9625,-0.446657
1.963,-0.241443
1.9635,0.015228
1.964,0.266906
1.9645,0.458313
1.965,0.547367
1.9655,0.514412
1.966,0.366475
1.9665,0.135841
1.967,-0.127182
1.9675,-0.365048
1.968,-0.525579
1.9685,-0.573439
1.969,-0.497754
1.9695,-0.31456
1.97,-0.063303
1.9705,0.20175
1.971,0.423297
1.9715,0.553518
1.972,0.564486
1.9725,0.454124
1.973,0.24683
1.9735,-0.0119694
1.974,-0.265759
1.9745,-0.459199
1.975,-0.550161
1.9755,-0.519079
1.976,-0.372992
1.9765,-0.14414
1.977,0.11709
1.9775,0.35328
1.978,0.512348
1.9785,0.559104
1.979,0.482855
1.9795,0.299737
1.98,0.0492819
1.9805,-0.214248
1.981,-0.43365
1.9815,-0.561172
1.982,-0.569142
1.9825,-0.455757
1.983,-0.245569
1.9835,0.01581
1.984,0.271707
1.9845,0.466707
1.985,0.558767
1.9855,0.528302
1.986,0.38248
1.9865,0.153642
1.987,-0.107838
1.9875,-0.344444
1.988,-0.5042
1.9885,-0.551953
1.989,-0.477033
1.9895,-0.295696
1.99,-0.0474435
1.9905,0.2135
1.991,0.430018
1.9915,0.554648
1.992,0.559811
1.9925,0.443981
1.993,0.231906
1.9935,-0.0306787
1.994,-0.287006
1.9945,-0.481674
1.995,-0.572733
1.9955,-0.540768
1.996,-0.393093
1.9965,-0.162212
1.997,0.101354
1.9975,0.34001
1.998,0.501743
1.9985,0.551397
1.999,0.478363
1.9995,0.298891
