0,0.447035
0.0005,0.616749
0.001,0.661733
0.0015,0.586474
0.002,0.420515
0.0025,0.211463
0.003,0.0141911
0.0035,-0.121586
0.004,-0.162297
0.0045,-0.098178
0.005,0.0547502
0.0055,0.258187
0.006,0.460036
0.0065,0.606159
0.007,0.652608
0.0075,0.57564
0.008,0.377422
0.0085,0.0862758
0.009,-0.249092
0.0095,-0.569353
0.01,-0.817255
0.0105,-0.949339
0.011,-0.945097
0.0115,-0.811151
0.012,-0.579424
0.0125,-0.300302
0.013,-0.0314341
0.0135,0.174596
0.014,0.281564
0.0145,0.277017
0.015,0.17478
0.0155,0.0111698
0.016,-0.163305
0.0165,-0.295602
0.017,-0.342387
0.0175,-0.280007
0.018,-0.110141
0.0185,0.139958
0.019,0.423139
0.0195,0.682211
0.02,0.862362
0.0205,0.922971
0.021,0.846553
0.0215,0.642689
0.022,0.346294
0.0225,0.0103458
0.023,-0.305185
0.0235,-0.545885
0.024,-0.674154
0.0245,-0.676901
0.025,-0.567644
0.0255,-0.383129
0.026,-0.174718
0.0265,0.00323496
0.027,0.105564
0.0275,0.10651
0.028,0.00531022
0.0285,-0.173467
0.029,-0.385418
0.0295,-0.57625
0.03,-0.69393
0.0305,-0.70043
0.031,-0.580493
0.0315,-0.345622
0.032,-0.0320444
0.0325,0.306528
0.033,0.610034
0.0335,0.82458
0.034,0.913755
0.0345,0.866085
0.035,0.697256
0.0355,0.446516
0.036,0.167943
0.0365,-0.0813318
0.037,-0.253273
0.0375,-0.319437
0.038,-0.276559
0.0385,-0.146916
0.039,0.0270089
0.0395,0.192419
0.04,0.298379
0.0405,0.307382
0.041,0.204199
0.0415,-0.000244148
0.042,-0.270852
0.0425,-0.555589
0.043,-0.796564
0.0435,-0.942412
0.044,-0.959563
0.0445,-0.839625
0.045,-0.601245
0.0455,-0.286569
0.046,0.0477615
0.0465,0.342296
0.047,0.54738
0.0475,0.633198
0.048,0.595904
0.0485,0.457625
0.049,0.261238
0.0495,0.0604877
0.05,-0.092288
0.0505,-0.15775
0.051,-0.118534
0.0515,0.0169378
0.052,0.216254
0.0525,0.430219
0.053,0.603748
0.0535,0.688345
0.054,0.652974
0.0545,0.491379
0.055,0.224128
0.0555,-0.105502
0.056,-0.440107
0.0565,-0.720359
0.057,-0.897153
0.0575,-0.941954
0.058,-0.852596
0.0585,-0.653493
0.059,-0.389996
0.0595,-0.118534
0.06,0.105716
0.0605,0.240608
0.061,0.266091
0.0615,0.188086
0.062,0.0367748
0.0625,-0.140446
0.063,-0.290078
0.0635,-0.364574
0.064,-0.333354
0.0645,-0.190191
0.065,0.0450758
0.0655,0.330332
0.066,0.610004
0.0665,0.826899
0.067,0.934599
0.0675,0.907468
0.068,0.746361
0.0685,0.478591
0.069,0.15247
0.0695,-0.173101
0.07,-0.440718
0.0705,-0.606647
0.071,-0.649648
0.0715,-0.57503
0.072,-0.412946
0.0725,-0.211188
0.073,-0.0243538
0.0735,0.0986358
0.074,0.12534
0.0745,0.0472732
0.075,-0.118229
0.0755,-0.331767
0.076,-0.540605
0.0765,-0.690451
0.077,-0.737602
0.0775,-0.659017
0.078,-0.457625
0.0785,-0.162603
0.079,0.176702
0.0795,0.500778
0.08,0.752403
0.0805,0.888485
0.081,0.889096
0.0815,0.761437
0.082,0.537828
0.0825,0.268654
0.083,0.0112003
0.0835,-0.182775
0.084,-0.278115
0.0845,-0.263619
0.085,-0.15418
0.0855,0.0130009
0.086,0.187048
0.0865,0.315043
0.087,0.35432
0.0875,0.282144
0.088,0.101413
0.0885,-0.15949
0.089,-0.452528
0.0895,-0.720023
0.09,-0.90698
0.0905,-0.973113
0.091,-0.901334
0.0915,-0.701895
0.092,-0.410077
0.0925,-0.0790429
0.093,0.231422
0.0935,0.467483
0.094,0.592334
0.0945,0.593768
0.095,0.486129
0.0955,0.306589
0.096,0.106601
0.0965,-0.0599078
0.097,-0.148717
0.0975,-0.135258
0.098,-0.0201422
0.0985,0.170812
0.099,0.392346
0.0995,0.589587
0.1,0.710501
0.1005,0.71746
0.101,0.595965
0.1015,0.358287
0.102,0.0414136
0.1025,-0.300424
0.103,-0.607044
0.1035,-0.824763
0.104,-0.917631
0.1045,-0.874844
0.105,-0.712546
0.1055,-0.47029
0.106,-0.202033
0.1065,0.0355846
0.107,0.195532
0.1075,0.250496
0.108,0.198401
0.1085,0.0626545
0.109,-0.11362
0.1095,-0.277383
0.11,-0.377972
0.1105,-0.378613
0.111,-0.265206
0.1115,-0.0497757
0.112,0.231483
0.1125,0.525773
0.113,0.774804
0.1135,0.927305
0.114,0.950011
0.1145,0.835047
0.115,0.601672
0.1155,0.292276
0.116,-0.0363781
0.1165,-0.325236
0.117,-0.525285
0.1175,-0.607624
0.118,-0.569231
0.1185,-0.433027
0.119,-0.242256
0.1195,-0.0504776
0.12,0.0904874
0.1205,0.142369
0.121,0.089114
0.1215,-0.0596026
0.122,-0.27015
0.1225,-0.492538
0.123,-0.671346
0.1235,-0.758202
0.124,-0.722587
0.1245,-0.559038
0.125,-0.288858
0.1255,0.0439467
0.126,0.381726
0.1265,0.664998
0.127,0.845088
0.1275,0.894009
0.128,0.810205
0.1285,0.618519
0.129,0.364483
0.1295,0.104282
0.13,-0.107578
0.1305,-0.230049
0.131,-0.24427
0.1315,-0.157353
0.132,-0.000488296
0.1325,0.178442
0.133,0.325785
0.1335,0.394482
0.134,0.354839
0.1345,0.201697
0.135,-0.0439772
0.1355,-0.339061
0.136,-0.627369
0.1365,-0.851497
0.137,-0.965148
0.1375,-0.943113
0.138,-0.786798
0.1385,-0.524094
0.139,-0.203406
0.1395,0.116337
0.14,0.378338
0.1405,0.539567
0.141,0.579699
0.1415,0.504959
0.142,0.34608
0.1425,0.151158
0.143,-0.025544
0.1435,-0.135838
0.144,-0.148412
0.1445,-0.0561235
0.145,0.12241
0.1455,0.346751
0.146,0.563494
0.1465,0.718162
0.147,0.767296
0.1475,0.688467
0.148,0.485458
0.1485,0.188086
0.149,-0.153691
0.1495,-0.480148
0.15,-0.734184
0.1505,-0.873196
0.151,-0.877834
0.1515,-0.755852
0.152,-0.539995
0.1525,-0.280679
0.153,-0.0347301
0.1535,0.146886
0.154,0.23011
0.1545,0.205054
0.155,0.0877102
0.1555,-0.0838038
0.156,-0.258217
0.1565,-0.382763
0.157,-0.415296
0.1575,-0.334056
0.158,-0.143071
0.1585,0.128208
0.159,0.43086
0.1595,0.706717
0.16,0.900723
0.1605,0.972808
0.161,0.906461
0.1615,0.712394
0.162,0.426374
0.1625,0.101596
0.163,-0.202338
0.1635,-0.432234
0.164,-0.552171
0.1645,-0.550859
0.165,-0.443464
0.1655,-0.267708
0.166,-0.0751366
0.1665,0.0808435
0.167,0.156835
0.1675,0.12946
0.168,0.000732444
0.1685,-0.202368
0.169,-0.433576
0.1695,-0.637562
0.17,-0.76223
0.1705,-0.770379
0.171,-0.648122
0.1715,-0.408551
0.172,-0.0893582
0.1725,0.25486
0.173,0.563799
0.1735,0.784051
0.174,0.880215
0.1745,0.842067
0.175,0.686361
0.1755,0.452895
0.176,0.195502
0.1765,-0.0297555
0.177,-0.176763
0.1775,-0.219398
0.178,-0.156865
0.1785,-0.0136723
0.179,0.166326
0.1795,0.329875
0.18,0.426527
0.1805,0.42024
0.181,0.297922
0.1815,0.0727561
0.182,-0.218116
0.1825,-0.521104
0.183,-0.777612
0.1835,-0.936369
0.184,-0.964537
0.1845,-0.854732
0.185,-0.626728
0.1855,-0.323252
0.186,-0.00100711
0.1865,0.28135
0.187,0.475478
0.1875,0.553453
0.188,0.513199
0.1885,0.378399
0.189,0.192663
0.1895,0.00949126
0.19,-0.119877
0.1905,-0.158269
0.191,-0.090762
0.1915,0.0715354
0.192,0.293924
0.1925,0.525529
0.193,0.710623
0.1935,0.800928
0.194,0.766442
0.1945,0.602374
0.195,0.330851
0.1955,-0.00360118
0.196,-0.342936
0.1965,-0.627857
0.197,-0.810022
0.1975,-0.861995
0.198,-0.782952
0.1985,-0.598102
0.199,-0.353252
0.1995,-0.104221
0.2,0.0951872
0.2005,0.204901
0.201,0.207373
0.2015,0.110965
0.202,-0.0521561
0.2025,-0.233528
0.203,-0.379376
0.2035,-0.443068
0.204,-0.395734
0.2045,-0.233283
0.205,0.0222175
0.2055,0.326762
0.206,0.623524
0.2065,0.854946
0.207,0.974853
0.2075,0.958525
0.208,0.807917
0.2085,0.551317
0.209,0.237373
0.2095,-0.0751976
0.21,-0.330027
0.2105,-0.485031
0.211,-0.520798
0.2115,-0.444502
0.212,-0.287545
0.2125,-0.0982391
0.213,0.0693991
0.2135,0.167852
0.214,0.166997
0.2145,0.0609455
0.215,-0.130375
0.2155,-0.36549
0.216,-0.590289
0.2165,-0.750145
0.217,-0.801874
0.2175,-0.723533
0.218,-0.5197
0.2185,-0.220893
0.219,0.12244
0.2195,0.450423
0.22,0.706168
0.2205,0.847499
0.221,0.8558
0.2215,0.739402
0.222,0.531449
0.2225,0.282327
0.223,0.0485244
0.2235,-0.119907
0.224,-0.190039
0.2245,-0.153264
0.225,-0.0267647
0.2255,0.150456
0.226,0.326701
0.2265,0.449232
0.227,0.476455
0.2275,0.387585
0.228,0.187689
0.2285,-0.0927458
0.229,-0.404004
0.2295,-0.687399
0.23,-0.887906
0.2305,-0.965697
0.231,-0.904721
0.2315,-0.716269
0.232,-0.436476
0.2325,-0.118625
0.233,0.178045
0.2335,0.400952
0.234,0.515122
0.2345,0.510208
0.235,0.402326
0.2355,0.229743
0.236,0.0440382
0.2365,-0.101718
0.237,-0.165075
0.2375,-0.123783
0.238,0.0187994
0.2385,0.234474
0.239,0.475997
0.2395,0.687613
0.24,0.817103
0.2405,0.827662
0.241,0.706076
0.2415,0.46617
0.242,0.146184
0.2425,-0.198828
0.243,-0.508591
0.2435,-0.730003
0.244,-0.828242
0.2445,-0.793786
0.245,-0.64391
0.2455,-0.418714
0.246,-0.171941
0.2465,0.0409864
0.247,0.174871
0.2475,0.20484
0.248,0.131382
0.2485,-0.0198675
0.249,-0.204321
0.2495,-0.368389
0.25,-0.461898
0.2505,-0.449507
0.251,-0.31904
0.2515,-0.0847499
0.252,0.215186
0.2525,0.526566
0.253,0.790429
0.2535,0.955596
0.254,0.989654
0.2545,0.885678
0.255,0.663961
0.2555,0.367534
0.256,0.0530107
0.2565,-0.221351
0.257,-0.408094
0.2575,-0.480209
0.258,-0.436628
0.2585,-0.301828
0.259,-0.119846
0.2595,0.0558794
0.26,0.174688
0.2605,0.200354
0.261,0.119236
0.2615,-0.0562456
0.262,-0.290231
0.2625,-0.531083
0.263,-0.722709
0.2635,-0.816919
0.264,-0.784143
0.2645,-0.620411
0.265,-0.348399
0.2655,-0.013245
0.266,0.326792
0.2665,0.612537
0.267,0.796045
0.2675,0.850642
0.268,0.775994
0.2685,0.59801
0.269,0.362468
0.2695,0.125065
0.27,-0.0611896
0.2705,-0.157353
0.271,-0.147069
0.2715,-0.0400098
0.272,0.13068
0.2725,0.315836
0.273,0.461653
0.2735,0.521805
0.274,0.468245
0.2745,0.297861
0.275,0.0338145
0.2755,-0.279031
0.276,-0.583331
0.2765,-0.821284
0.277,-0.94702
0.2775,-0.936216
0.278,-0.791345
0.2785,-0.541185
0.279,-0.234504
0.2795,0.0701621
0.28,0.317087
0.2805,0.46498
0.281,0.495529
0.2815,0.416852
0.282,0.261086
0.2825,0.0767846
0.283,-0.0822169
0.2835,-0.169195
0.284,-0.155034
0.2845,-0.0351878
0.285,0.169164
0.2855,0.415479
0.286,0.649068
0.2865,0.815027
0.287,0.870418
0.2875,0.793878
0.288,0.590655
0.2885,0.291971
0.289,-0.0513627
0.2895,-0.379345
0.29,-0.635334
0.2905,-0.777734
0.291,-0.788598
0.2915,-0.676901
0.292,-0.476211
0.2925,-0.236915
0.293,-0.0150151
0.2935,0.140172
0.294,0.196966
0.2945,0.148076
0.295,0.0118717
0.2955,-0.171728
0.296,-0.350505
0.2965,-0.471847
0.297,-0.494644
0.2975,-0.398938
0.298,-0.190893
0.2985,0.098056
0.299,0.417371
0.2995,0.70806
0.3,0.914975
0.3005,0.998657
0.301,0.943571
0.3015,0.761467
0.302,0.488845
0.3025,0.179083
0.303,-0.108982
0.3035,-0.323496
0.304,-0.430403
0.3045,-0.420484
0.305,-0.310709
0.3055,-0.139927
0.306,0.0401318
0.3065,0.176763
0.307,0.22837
0.3075,0.173925
0.308,0.0180364
0.3085,-0.209845
0.309,-0.461592
0.3095,-0.680929
0.31,-0.815607
0.3105,-0.829157
0.311,-0.708975
0.3115,-0.469558
0.312,-0.149754
0.3125,0.195105
0.313,0.504746
0.3135,0.726524
0.314,0.826197
0.3145,0.794946
0.315,0.650685
0.3155,0.43376
0.316,0.19779
0.3165,-0.00231941
0.317,-0.12244
0.3175,-0.13892
0.318,-0.05356
0.3185,0.106937
0.319,0.297067
0.3195,0.463057
0.32,0.554827
0.3205,0.537736
0.321,0.400525
0.3215,0.158483
0.322,-0.149297
0.3225,-0.468001
0.323,-0.738365
0.3235,-0.909391
0.324,-0.948943
0.3245,-0.850764
0.325,-0.635548
0.3255,-0.346599
0.326,-0.040437
0.3265,0.225227
0.327,0.403699
0.3275,0.469069
0.328,0.421278
0.3285,0.285653
0.329,0.106662
0.3295,-0.0622272
0.33,-0.170965
0.3305,-0.18424
0.331,-0.0896939
0.3315,0.0989715
0.332,0.344829
0.3325,0.595416
0.333,0.794275
0.3335,0.893307
0.334,0.86346
0.3345,0.701285
0.335,0.43025
0.3355,0.0959197
0.336,-0.243324
0.3365,-0.528428
0.337,-0.711966
0.3375,-0.767937
0.338,-0.696799
0.3385,-0.524857
0.339,-0.298135
0.3395,-0.0720237
0.34,0.101169
0.3405,0.183599
0.341,0.160253
0.3415,0.0420545
0.342,-0.136784
0.3425,-0.326518
0.343,-0.473098
0.3435,-0.530595
0.344,-0.471725
0.3445,-0.294321
0.345,-0.0225532
0.3455,0.297952
0.346,0.609241
0.3465,0.853511
0.347,0.985015
0.3475,0.979949
0.348,0.841365
0.3485,0.598376
0.349,0.299936
0.3495,0.00430311
0.35,-0.233375
0.3505,-0.372845
0.351,-0.396802
0.3515,-0.314371
0.352,-0.158452
0.3525,0.0220954
0.353,0.17365
0.3535,0.250099
0.354,0.223518
0.3545,0.0905179
0.355,-0.126408
0.3555,-0.38374
0.356,-0.626087
0.3565,-0.798395
0.357,-0.857936
0.3575,-0.783868
0.358,-0.582141
0.3585,-0.284524
0.359,0.0578021
0.3595,0.384747
0.36,0.640065
0.3605,0.782708
0.361,0.795465
0.3615,0.688009
0.362,0.494308
0.3625,0.26484
0.363,0.0551164
0.3635,-0.0864284
0.364,-0.129276
0.3645,-0.0674459
0.365,0.0794092
0.3655,0.270486
0.366,0.453078
0.3665,0.574541
0.367,0.594256
0.3675,0.493149
0.368,0.278268
0.3685,-0.0179144
0.369,-0.344218
0.3695,-0.641224
0.37,-0.853877
0.3705,-0.942991
0.371,-0.893582
0.3715,-0.717948
0.372,-0.452864
0.3725,-0.151708
0.373,0.127049
0.3735,0.332286
0.374,0.431043
0.3745,0.415174
0.375,0.302561
0.3755,0.132725
0.376,-0.0424512
0.3765,-0.17066
0.377,-0.211066
0.3775,-0.143864
0.378,0.0251473
0.3785,0.265267
0.379,0.527482
0.3795,0.755028
0.38,0.895596
0.3805,0.913053
0.381,0.795373
0.3815,0.557756
0.382,0.23954
0.3825,-0.103702
0.383,-0.411847
0.3835,-0.632618
0.384,-0.732505
0.3845,-0.703421
0.385,-0.563921
0.3855,-0.354656
0.386,-0.129124
0.3865,0.0583819
0.387,0.164678
0.3875,0.167425
0.388,0.0697043
0.3885,-0.100589
0.389,-0.297159
0.3895,-0.465865
0.39,-0.556871
0.3905,-0.536058
0.391,-0.393109
0.3915,-0.144292
0.392,0.170507
0.3925,0.495804
0.393,0.772179
0.3935,0.948729
0.394,0.993805
0.3945,0.901669
0.395,0.693472
0.3955,0.412732
0.396,0.115879
0.3965,-0.139958
0.397,-0.308969
0.3975,-0.366283
0.398,-0.312998
0.3985,-0.175237
0.399,0.00195318
0.3995,0.165166
0.4,0.26484
0.4005,0.26664
0.401,0.159398
0.4015,-0.041963
0.402,-0.299356
0.4025,-0.559557
0.403,-0.765831
0.4035,-0.870113
0.404,-0.843776
0.4045,-0.684042
0.405,-0.41493
0.4055,-0.082461
0.406,0.25486
0.4065,0.538224
0.407,0.720817
0.4075,0.777337
0.408,0.709006
0.4085,0.54265
0.409,0.324534
0.4095,0.109684
0.41,-0.050264
0.4105,-0.118595
0.411,-0.0816065
0.4115,0.0484939
0.412,0.236427
0.4125,0.431745
0.413,0.580279
0.4135,0.636402
0.414,0.573534
0.4145,0.390423
0.415,0.112156
0.4155,-0.214789
0.416,-0.532121
0.4165,-0.781884
0.417,-0.918638
0.4175,-0.919065
0.418,-0.786737
0.4185,-0.551195
0.419,-0.261483
0.4195,0.0244148
0.42,0.252052
0.4205,0.382122
0.421,0.39848
0.4215,0.311289
0.422,0.15421
0.4225,-0.0234993
0.423,-0.168432
0.4235,-0.235145
0.424,-0.196692
0.4245,-0.0509964
0.425,0.178289
0.4255,0.446577
0.426,0.697928
0.4265,0.877041
0.427,0.941435
0.4275,0.870785
0.428,0.671621
0.4285,0.376324
0.429,0.0363781
0.4295,-0.288247
0.43,-0.54152
0.4305,-0.683218
0.431,-0.696799
0.4315,-0.5927
0.432,-0.405347
0.4325,-0.185186
0.433,0.0126041
0.4335,0.140507
0.434,0.169225
0.4345,0.0940886
0.435,-0.0639668
0.4355,-0.263253
0.436,-0.450484
0.4365,-0.573046
0.437,-0.590747
0.4375,-0.485305
0.438,-0.264718
0.4385,0.0376904
0.439,0.370037
0.4395,0.672628
0.44,0.890469
0.4405,0.984741
0.441,0.940977
0.4415,0.772027
0.442,0.515
0.4425,0.223182
0.443,-0.0453505
0.4435,-0.240303
0.444,-0.329752
0.4445,-0.306711
0.445,-0.1901
0.4455,-0.0200201
0.446,0.151372
0.4465,0.272164
0.447,0.302316
0.4475,0.22309
0.448,0.0415967
0.4485,-0.210364
0.449,-0.482894
0.4495,-0.718711
0.45,-0.865505
0.4505,-0.887448
0.451,-0.773095
0.4515,-0.538224
0.452,-0.222694
0.4525,0.117771
0.453,0.42317
0.4535,0.641804
0.454,0.740867
0.4545,0.713095
0.455,0.577624
0.4555,0.37553
0.456,0.160131
0.4565,-0.0148015
0.457,-0.10715
0.4575,-0.0957976
0.458,0.014771
0.4585,0.195563
0.459,0.399426
0.4595,0.571886
0.46,0.663228
0.4605,0.639912
0.461,0.492447
0.4615,0.238044
0.462,-0.0825831
0.4625,-0.413465
0.463,-0.694998
0.4635,-0.876492
0.464,-0.926756
0.4645,-0.840541
0.465,-0.639546
0.4655,-0.367443
0.466,-0.0805078
0.4665,0.164678
0.467,0.323252
0.4675,0.371502
0.468,0.311594
0.4685,0.17066
0.469,-0.00582904
0.4695,-0.164403
0.47,-0.255959
0.4705,-0.247108
0.471,-0.127812
0.4715,0.085757
0.472,0.354381
0.4725,0.624195
0.473,0.838038
0.4735,0.947996
0.474,0.925871
0.4745,0.769433
0.475,0.503311
0.4755,0.173894
0.476,-0.160253
0.4765,-0.440657
0.477,-0.621113
0.4775,-0.677114
0.478,-0.610645
0.4785,-0.449171
0.479,-0.239082
0.4795,-0.0352184
0.48,0.111576
0.4805,0.165716
0.481,0.11475
0.4815,-0.0277718
0.482,-0.225471
0.4825,-0.427259
0.483,-0.578722
0.4835,-0.634602
0.484,-0.568865
0.4845,-0.381268
0.485,-0.0976897
0.4855,0.234626
0.486,0.556993
0.4865,0.811457
0.487,0.95291
0.4875,0.958525
0.488,0.832392
0.4885,0.604511
0.489,0.324015
0.4895,0.0485244
0.49,-0.168249
0.4905,-0.287942
0.491,-0.295663
0.4915,-0.202612
0.492,-0.0433058
0.4925,0.132664
0.493,0.271981
0.4935,0.329844
0.494,0.280313
0.4945,0.122532
0.495,-0.118625
0.4955,-0.397656
0.496,-0.65801
0.4965,-0.844172
0.497,-0.913938
0.4975,-0.847407
0.498,-0.651814
0.4985,-0.359935
0.499,-0.0235603
0.4995,0.297403
0.5,0.547411
0.5005,0.686911
0.501,0.700278
0.5015,0.59859
0.502,0.416822
0.5025,0.205481
0.503,0.0192877
0.5035,-0.0951262
0.504,-0.109653
0.5045,-0.0209357
0.505,0.148808
0.5055,0.356914
0.506,0.549638
0.5065,0.674215
0.507,0.69097
0.5075,0.582324
0.508,0.357189
0.5085,0.0496841
0.509,-0.287698
0.5095,-0.594989
0.51,-0.817347
0.5105,-0.916349
0.511,-0.878109
0.5115,-0.715934
0.512,-0.467269
0.5125,-0.185369
0.513,0.0721458
0.5135,0.255867
0.514,0.334971
0.5145,0.303629
0.515,0.181799
0.5155,0.0103153
0.516,-0.158513
0.5165,-0.272988
0.517,-0.293893
0.5175,-0.203528
0.518,-0.0102542
0.5185,0.253029
0.519,0.535539
0.5195,0.779534
0.52,0.932707
0.5205,0.959563
0.521,0.849208
0.5215,0.617969
0.522,0.306101
0.5225,-0.0304575
0.523,-0.332011
0.5235,-0.54738
0.524,-0.644581
0.5245,-0.617145
0.525,-0.485
0.5255,-0.289499
0.526,-0.0838649
0.5265,0.0786767
0.527,0.157048
0.5275,0.131352
0.528,0.00744652
0.5285,-0.184484
0.529,-0.396496
0.5295,-0.573687
0.53,-0.666494
0.5305,-0.641896
0.531,-0.491256
0.5315,-0.232582
0.532,0.0926237
0.5325,0.427931
0.533,0.713614
0.5335,0.899228
0.534,0.954039
0.5345,0.87347
0.535,0.679617
0.5355,0.416364
0.536,0.139805
0.5365,-0.0941496
0.537,-0.241523
0.5375,-0.279824
0.538,-0.212348
0.5385,-0.0672018
0.539,0.109561
0.5395,0.264443
0.54,0.348766
0.5405,0.330027
0.541,0.199347
0.5415,-0.0258797
0.542,-0.30546
0.5425,-0.584765
0.543,-0.80636
0.5435,-0.922422
0.544,-0.905179
0.5445,-0.752983
0.545,-0.490982
0.5455,-0.165868
0.546,0.163762
0.5465,0.439863
0.547,0.61681
0.5475,0.671041
0.548,0.605335
0.5485,0.447768
0.549,0.244942
0.5495,0.0514542
0.55,-0.0825526
0.5505,-0.122654
0.551,-0.0577105
0.5515,0.0974456
0.552,0.305338
0.5525,0.514176
0.553,0.669393
0.5535,0.725852
0.554,0.658315
0.5545,0.467269
0.555,0.179479
0.5555,-0.157201
0.556,-0.483749
0.5565,-0.74221
0.557,-0.887844
0.5575,-0.898373
0.558,-0.778466
0.5585,-0.558519
0.559,-0.287729
0.5595,-0.0233467
0.56,0.181616
0.5605,0.289895
0.561,0.28779
0.5615,0.187658
0.562,0.0248421
0.5625,-0.150639
0.563,-0.285592
0.5635,-0.335795
0.564,-0.276284
0.5645,-0.107395
0.565,0.144871
0.5655,0.434065
0.566,0.703055
0.5665,0.896207
0.567,0.971465
0.5675,0.909513
0.568,0.71807
0.5685,0.430464
0.569,0.0986358
0.5695,-0.217627
0.57,-0.463332
0.5705,-0.599658
0.571,-0.611866
0.5715,-0.511856
0.572,-0.335032
0.5725,-0.132054
0.573,0.042787
0.5735,0.143712
0.574,0.143864
0.5745,0.0412
0.575,-0.140873
0.5755,-0.358592
0.576,-0.557695
0.5765,-0.685476
0.577,-0.702536
0.5775,-0.592059
0.578,-0.36375
0.5785,-0.0525834
0.579,0.288461
0.5795,0.599292
0.58,0.825098
0.5805,0.928007
0.581,0.894681
0.5815,0.738975
0.582,0.498611
0.5825,0.226844
0.583,-0.0192877
0.5835,-0.191198
0.584,-0.259255
0.5845,-0.218787
0.585,-0.0908841
0.5855,0.0829188
0.586,0.250038
0.5865,0.359081
0.587,0.371502
0.5875,0.27073
0.588,0.0662252
0.5885,-0.207953
0.589,-0.50029
0.5895,-0.752556
0.59,-0.912473
0.5905,-0.944823
0.591,-0.83929
0.5915,-0.61272
0.592,-0.305826
0.5925,0.0255135
0.593,0.321757
0.5935,0.532426
0.594,0.626362
0.5945,0.59801
0.595,0.468001
0.5955,0.278085
0.596,0.0814234
0.5965,-0.0693381
0.597,-0.134129
0.5975,-0.0943327
0.598,0.042909
0.5985,0.246162
0.599,0.466689
0.5995,0.64919
0.6,0.744194
0.6005,0.719199
0.601,0.566301
0.6015,0.304361
0.602,-0.0244453
0.6025,-0.363231
0.603,-0.652303
0.6035,-0.841456
0.604,-0.90054
0.6045,-0.825495
0.605,-0.638936
0.6055,-0.38496
0.606,-0.119388
0.6065,0.102451
0.607,0.237617
0.6075,0.264779
0.608,0.188513
0.6085,0.037843
0.609,-0.140568
0.6095,-0.2931
0.61,-0.371532
0.6105,-0.344157
0.611,-0.203253
0.6115,0.0326548
0.612,0.322398
0.6125,0.610614
0.613,0.839595
0.6135,0.961699
0.614,0.949492
0.6145,0.801935
0.615,0.544664
0.6155,0.224647
0.616,-0.0995514
0.6165,-0.370342
0.617,-0.542894
0.6175,-0.59444
0.618,-0.528703
0.6185,-0.374371
0.619,-0.17835
0.6195,0.00506607
0.62,0.126438
0.6205,0.152379
0.621,0.0731529
0.6215,-0.0951262
0.622,-0.313913
0.6225,-0.530717
0.623,-0.690725
0.6235,-0.749077
0.624,-0.681112
0.6245,-0.488083
0.625,-0.197546
0.6255,0.142003
0.626,0.471328
0.6265,0.732566
0.627,0.881314
0.6275,0.895962
0.628,0.781732
0.6285,0.569414
0.629,0.308237
0.6295,0.0551775
0.63,-0.137608
0.6305,-0.233955
0.631,-0.221381
0.6315,-0.113407
0.632,0.0537126
0.6325,0.22956
0.633,0.360973
0.6335,0.404309
0.634,0.335551
0.6345,0.156163
0.635,-0.106784
0.6355,-0.405866
0.636,-0.683462
0.6365,-0.883786
0.637,-0.965056
0.6375,-0.908444
0.638,-0.722159
0.6385,-0.439955
0.639,-0.114017
0.6395,0.196081
0.64,0.435987
0.6405,0.567644
0.641,0.577258
0.6415,0.477584
0.642,0.304605
0.6425,0.108982
0.643,-0.0553301
0.6435,-0.143437
0.644,-0.129612
0.6445,-0.013245
0.645,0.181066
0.6455,0.408582
0.646,0.614521
0.6465,0.746025
0.647,0.764122
0.6475,0.652638
0.648,0.422132
0.6485,0.108219
0.649,-0.235603
0.6495,-0.54912
0.65,-0.777764
0.6505,-0.884121
0.651,-0.855495
0.6515,-0.70632
0.652,-0.474593
0.6525,-0.213446
0.653,0.0205084
0.6535,0.179693
0.654,0.235572
0.6545,0.18479
0.655,0.0494705
0.6555,-0.128025
0.656,-0.2949
0.6565,-0.399915
0.657,-0.405255
0.6575,-0.295328
0.658,-0.0807825
0.6585,0.203314
0.659,0.504624
0.6595,0.764611
0.66,0.930906
0.6605,0.968719
0.661,0.868221
0.6615,0.646779
0.662,0.345439
0.6625,0.0201422
0.663,-0.269936
0.6635,-0.475021
0.664,-0.564806
0.6645,-0.534745
0.665,-0.406171
0.6655,-0.22129
0.666,-0.0332041
0.6665,0.106021
0.667,0.157231
0.6675,0.103153
0.668,-0.047792
0.6685,-0.262978
0.669,-0.492813
0.6695,-0.681661
0.67,-0.780053
0.6705,-0.756035
0.671,-0.602344
0.6715,-0.338694
0.672,-0.00784326
0.6725,0.332957
0.673,0.624042
0.6735,0.815516
0.674,0.877804
0.6745,0.80752
0.675,0.627735
0.6755,0.382733
0.676,0.128147
0.6765,-0.0813929
0.677,-0.204016
0.6775,-0.21955
0.678,-0.133854
0.6785,0.023072
0.679,0.203864
0.6795,0.354839
0.68,0.428175
0.6805,0.392956
0.681,0.2425
0.6815,-0.00357067
0.682,-0.303079
0.6825,-0.600055
0.683,-0.836543
0.6835,-0.964995
0.684,-0.958464
0.6845,-0.816401
0.685,-0.564959
0.6855,-0.25135
0.686,0.0660421
0.6865,0.330027
0.687,0.496597
0.6875,0.543992
0.688,0.476821
0.6885,0.324412
0.689,0.134007
0.6895,-0.040315
0.69,-0.149846
0.6905,-0.162328
0.691,-0.0692465
0.6915,0.111942
0.692,0.341624
0.6925,0.566576
0.693,0.731803
0.6935,0.792627
0.694,0.724937
0.6945,0.530778
0.695,0.238472
0.6955,-0.103092
0.696,-0.434339
0.6965,-0.697592
0.697,-0.848964
0.6975,-0.867367
0.698,-0.758721
0.6985,-0.554155
0.699,-0.303049
0.6995,-0.0619221
0.7,0.117862
0.7005,0.20127
0.701,0.177068
0.7015,0.0599994
0.702,-0.112827
0.7025,-0.290445
0.703,-0.419782
0.7035,-0.457717
0.704,-0.381115
0.7045,-0.192511
0.705,0.0798975
0.7055,0.38789
0.706,0.67333
0.7065,0.880306
0.707,0.967345
0.7075,0.916013
0.708,0.73513
0.7085,0.458876
0.709,0.13947
0.7095,-0.163732
0.71,-0.396954
0.7105,-0.523087
0.711,-0.529313
0.7115,-0.429273
0.712,-0.259438
0.7125,-0.0706809
0.713,0.0834071
0.7135,0.158849
0.714,0.131046
0.7145,0.000671407
0.715,-0.206336
0.7155,-0.444319
0.716,-0.657949
0.7165,-0.794275
0.717,-0.814722
0.7175,-0.703665
0.718,-0.472457
0.7185,-0.157384
0.719,0.187658
0.7195,0.502365
0.72,0.732475
0.7205,0.841121
0.721,0.816248
0.7215,0.672842
0.722,0.449263
0.7225,0.198553
0.723,-0.0232551
0.7235,-0.1695
0.724,-0.212836
0.7245,-0.151219
0.725,-0.00787378
0.7255,0.174047
0.726,0.341411
0.7265,0.44319
0.727,0.442213
0.7275,0.323893
0.728,0.0999481
0.7285,-0.193579
0.729,-0.503586
0.7295,-0.771172
0.73,-0.94409
0.7305,-0.987793
0.731,-0.893002
0.7315,-0.677633
0.732,-0.383038
0.7325,-0.0651265
0.733,0.217353
0.7335,0.415296
0.734,0.499466
0.7345,0.46617
0.735,0.337657
0.7355,0.156529
0.736,-0.0241096
0.7365,-0.152745
0.737,-0.191198
0.7375,-0.123417
0.738,0.0408032
0.7385,0.267739
0.739,0.506943
0.7395,0.702353
0.74,0.804621
0.7405,0.782189
0.741,0.628529
0.7415,0.364025
0.742,0.0320444
0.7425,-0.309885
0.743,-0.60213
0.7435,-0.795282
0.744,-0.860317
0.7445,-0.794519
0.745,-0.621509
0.7455,-0.385754
0.746,-0.142582
0.7465,0.0539872
0.747,0.163152
0.7475,0.166051
0.748,0.0697043
0.7485,-0.0947295
0.749,-0.279336
0.7495,-0.430219
0.75,-0.499924
0.7505,-0.458266
0.751,-0.299631
0.7515,-0.0447096
0.752,0.263436
0.7525,0.568194
0.753,0.811487
0.7535,0.94586
0.754,0.944792
0.7545,0.808344
0.755,0.563066
0.7555,0.256386
0.756,-0.0534989
0.7565,-0.309885
0.757,-0.46968
0.7575,-0.51207
0.758,-0.44261
0.7585,-0.291452
0.759,-0.106082
0.7595,0.0596332
0.76,0.157628
0.7605,0.156743
0.761,0.0497147
0.7615,-0.144658
0.762,-0.385723
0.7625,-0.619587
0.763,-0.790948
0.7635,-0.855403
0.764,-0.789331
0.7645,-0.595538
0.765,-0.302957
0.7655,0.0390027
0.766,0.370647
0.7665,0.63448
0.767,0.787164
0.7675,0.808252
0.768,0.704306
0.7685,0.506912
0.769,0.265419
0.7695,0.0360424
0.77,-0.13068
0.7705,-0.200873
0.771,-0.164647
0.7715,-0.037904
0.772,0.14127
0.7725,0.321421
0.773,0.449446
0.7735,0.482772
0.774,0.399121
0.7745,0.202063
0.775,-0.0791955
0.7755,-0.395642
0.776,-0.68862
0.7765,-0.90228
0.777,-0.99527
0.7775,-0.949767
0.778,-0.775079
0.7785,-0.505753
0.779,-0.194128
0.7795,0.100833
0.78,0.325938
0.7805,0.445082
0.781,0.446425
0.7815,0.344523
0.782,0.17655
0.7825,-0.00656148
0.783,-0.151524
0.7835,-0.215186
0.784,-0.174139
0.7845,-0.0303659
0.785,0.189032
0.7855,0.437391
0.786,0.658803
0.7865,0.800317
0.787,0.823603
0.7875,0.713736
0.788,0.482681
0.7885,0.167394
0.789,-0.177953
0.7895,-0.492965
0.79,-0.723746
0.7905,-0.83404
0.791,-0.812494
0.7915,-0.674703
0.792,-0.459304
0.7925,-0.219275
0.793,-0.0101016
0.7935,0.122501
0.794,0.152409
0.7945,0.0788903
0.795,-0.0736717
0.7955,-0.26133
0.796,-0.430555
0.7965,-0.530503
0.797,-0.524705
0.7975,-0.399396
0.798,-0.167394
0.7985,0.134312
0.799,0.451949
0.7995,0.726341
0.8,0.90521
0.8005,0.954466
0.801,0.865352
0.8015,0.65627
0.802,0.368847
0.8025,0.0589312
0.803,-0.215186
0.8035,-0.405194
0.804,-0.482833
0.8045,-0.445509
0.805,-0.316263
0.8055,-0.138157
0.806,0.0356151
0.8065,0.154149
0.807,0.180151
0.8075,0.0987884
0.808,-0.0788598
0.8085,-0.31785
0.809,-0.566942
0.8095,-0.769677
0.81,-0.876766
0.8105,-0.857112
0.811,-0.704794
0.8115,-0.440931
0.812,-0.109378
0.8125,0.232124
0.813,0.524094
0.8135,0.717551
0.814,0.784143
0.8145,0.721854
0.815,0.554857
0.8155,0.327769
0.816,0.0957366
0.8165,-0.0879238
0.817,-0.183508
0.8175,-0.173406
0.818,-0.065981
0.8185,0.106601
0.819,0.295724
0.8195,0.44731
0.82,0.514237
0.8205,0.467055
0.821,0.301096
0.8215,0.0380566
0.822,-0.278085
0.8225,-0.590228
0.823,-0.840052
0.8235,-0.980377
0.824,-0.985107
0.8245,-0.854823
0.825,-0.616504
0.8255,-0.317759
0.826,-0.0166326
0.8265,0.230873
0.827,0.382427
0.8275,0.418378
0.828,0.345286
0.8285,0.194006
0.829,0.0123905
0.8295,-0.145848
0.83,-0.233345
0.8305,-0.219886
0.831,-0.0996124
0.8315,0.107517
0.832,0.359752
0.8325,0.602496
0.833,0.780236
0.8335,0.848781
0.834,0.784997
0.8345,0.592364
0.835,0.300455
0.8355,-0.0409253
0.836,-0.37196
0.8365,-0.635487
0.837,-0.78869
0.8375,-0.811823
0.838,-0.71218
0.8385,-0.521744
0.839,-0.289987
0.8395,-0.0726646
0.84,0.0805383
0.8405,0.136876
0.841,0.0877102
0.8415,-0.0497147
0.842,-0.236396
0.8425,-0.420331
0.843,-0.548448
0.8435,-0.5786
0.844,-0.489303
0.8445,-0.285165
0.845,0.00369274
0.8455,0.327433
0.846,0.627064
0.8465,0.846644
0.847,0.945158
0.8475,0.905301
0.848,0.736869
0.8485,0.474807
0.849,0.171453
0.8495,-0.114505
0.85,-0.330699
0.8505,-0.441939
0.851,-0.437483
0.8515,-0.332896
0.852,-0.165899
0.8525,0.0122684
0.853,0.148778
0.8535,0.201147
0.854,0.14716
0.8545,-0.00991852
0.855,-0.241737
0.8555,-0.500778
0.856,-0.730552
0.8565,-0.878018
0.857,-0.905148
0.8575,-0.797601
0.858,-0.568072
0.8585,-0.253975
0.859,0.0901517
0.8595,0.404004
0.86,0.634083
0.8605,0.744804
0.861,0.725517
0.8615,0.592456
0.862,0.384625
0.8625,0.154881
0.863,-0.0418409
0.8635,-0.160741
0.864,-0.177007
0.8645,-0.0911588
0.865,0.0711692
0.8655,0.265236
0.866,0.437147
0.8665,0.536241
0.867,0.526505
0.8675,0.395184
0.868,0.156011
0.8685,-0.15305
0.869,-0.477706
0.8695,-0.758385
0.87,-0.943022
0.8705,-0.997894
0.871,-0.914792
0.8715,-0.712546
0.872,-0.433088
0.8725,-0.132176
0.873,0.13242
0.8735,0.313181
0.874,0.382977
0.8745,0.34022
0.875,0.208899
0.8755,0.0326243
0.876,-0.135502
0.8765,-0.244942
0.877,-0.259377
0.8775,-0.165166
0.878,0.0252998
0.8785,0.276009
0.879,0.534898
0.8795,0.745109
0.88,0.857418
0.8805,0.841151
0.881,0.691
0.8815,0.428694
0.882,0.0985748
0.8825,-0.241462
0.883,-0.53209
0.8835,-0.724906
0.884,-0.792261
0.8845,-0.732902
0.885,-0.571459
0.8855,-0.352916
0.886,-0.132054
0.8865,0.0384838
0.887,0.119999
0.8875,0.0962859
0.888,-0.023072
0.8885,-0.204779
0.889,-0.399548
0.8895,-0.553087
0.89,-0.618519
0.8905,-0.567156
0.891,-0.395215
0.8915,-0.12537
0.892,0.197577
0.8925,0.516068
0.893,0.771661
0.8935,0.917356
0.894,0.92758
0.8945,0.80343
0.895,0.572314
0.8955,0.281991
0.896,-0.0097354
0.8965,-0.247505
0.897,-0.389966
0.8975,-0.4185
0.898,-0.34077
0.8985,-0.188421
0.899,-0.00967437
0.8995,0.141911
0.9,0.21952
0.9005,0.194067
0.901,0.0608844
0.9015,-0.158818
0.902,-0.422254
0.9025,-0.674184
0.903,-0.858852
0.9035,-0.932249
0.904,-0.871731
0.9045,-0.681417
0.905,-0.391491
0.9055,-0.0520951
0.906,0.276986
0.9065,0.538835
0.907,0.691275
0.9075,0.715415
0.908,0.619129
0.9085,0.43495
0.909,0.212409
0.9095,0.00686666
0.91,-0.132817
0.9105,-0.175115
0.911,-0.112705
0.9115,0.0359508
0.912,0.230811
0.9125,0.419385
0.913,0.548509
0.9135,0.576464
0.914,0.482589
0.9145,0.272378
0.915,-0.023072
0.9155,-0.353282
0.916,-0.658864
0.9165,-0.883877
0.917,-0.987732
0.9175,-0.95352
0.918,-0.791711
0.9185,-0.537461
0.919,-0.243171
0.9195,0.0328684
0.92,0.239021
0.9205,0.341136
0.921,0.329661
0.9215,0.221076
0.922,0.0538652
0.9225,-0.120548
0.923,-0.24958
0.9235,-0.291604
0.924,-0.225501
0.9245,-0.0557268
0.925,0.188147
0.9255,0.457656
0.926,0.695853
0.9265,0.849544
0.927,0.8811
0.9275,0.776635
0.928,0.549547
0.9285,0.237709
0.929,-0.104068
0.9295,-0.415632
0.93,-0.643941
0.9305,-0.754082
0.931,-0.736229
0.9315,-0.607257
0.932,-0.406537
0.9325,-0.186865
0.933,-0.00262459
0.9335,0.102359
0.934,0.104556
0.9345,0.00582904
0.935,-0.167089
0.9355,-0.36848
0.936,-0.544176
0.9365,-0.643513
0.937,-0.631123
0.9375,-0.495071
0.938,-0.250008
0.9385,0.0652791
0.939,0.395856
0.9395,0.681997
0.94,0.871761
0.9405,0.931883
0.941,0.85461
0.9415,0.659383
0.942,0.388287
0.9425,0.0969878
0.943,-0.157262
0.9435,-0.327891
0.944,-0.388806
0.9445,-0.33961
0.945,-0.205145
0.9455,-0.0296335
0.946,0.133763
0.9465,0.234993
0.947,0.238624
0.9475,0.132176
0.948,-0.0707419
0.9485,-0.332987
0.949,-0.601672
0.9495,-0.819636
0.95,-0.937681
0.9505,-0.925504
0.951,-0.778466
0.9515,-0.518876
0.952,-0.191443
0.9525,0.145817
0.953,0.433851
0.9535,0.624805
0.954,0.691824
0.9545,0.634388
0.955,0.477798
0.9555,0.26719
0.956,0.0571917
0.9565,-0.100314
0.957,-0.167699
0.9575,-0.130039
0.958,0.00170904
0.9585,0.193213
0.959,0.394452
0.9595,0.550859
0.96,0.615894
0.9605,0.561449
0.961,0.384686
0.9615,0.109195
0.962,-0.21955
0.9625,-0.543504
0.963,-0.804102
0.9635,-0.954711
0.964,-0.970183
0.9645,-0.852199
0.965,-0.62859
0.9655,-0.34724
0.966,-0.0656148
0.9665,0.161504
0.967,0.293802
0.9675,0.313822
0.968,0.230323
0.9685,0.0757775
0.969,-0.10123
0.9695,-0.247139
0.97,-0.315867
0.9705,-0.279214
0.971,-0.133793
0.9715,0.0980255
0.972,0.372417
0.9725,0.633503
0.973,0.825312
0.9735,0.904019
0.974,0.847499
0.9745,0.660451
0.975,0.373547
0.9755,0.0373241
0.976,-0.288522
0.9765,-0.547472
0.977,-0.69805
0.9775,-0.722098
0.978,-0.628346
0.9785,-0.449751
0.979,-0.235969
0.9795,-0.0419324
0.98,0.0842921
0.9805,0.112369
0.981,0.0363475
0.9815,-0.124058
0.982,-0.32783
0.9825,-0.521897
0.983,-0.653035
0.9835,-0.679922
0.984,-0.582629
0.9845,-0.367565
0.985,-0.0666524
0.9855,0.26896
0.986,0.579546
0.9865,0.809351
0.987,0.918027
0.9875,0.88934
0.988,0.734153
0.9885,0.488052
0.989,0.203406
0.9895,-0.0619221
0.99,-0.257118
0.9905,-0.349101
0.991,-0.329478
0.9915,-0.215796
0.992,-0.0472427
0.9925,0.124516
0.993,0.247169
0.9935,0.279794
0.994,0.202338
0.9945,0.0205695
0.995,-0.23487
0.9955,-0.514634
0.996,-0.761223
0.9965,-0.921415
0.997,-0.957823
0.9975,-0.857234
0.998,-0.633473
0.9985,-0.324992
0.999,0.0132756
0.9995,0.321329
1,0.546709
1.0005,0.655171
1.001,0.637806
1.0015,0.512162
1.002,0.317972
1.0025,0.107974
1.003,-0.0639668
1.0035,-0.155034
1.004,-0.142949
1.0045,-0.0308542
1.005,0.153233
1.0055,0.362774
1.006,0.543168
1.0065,0.64391
1.007,0.630055
1.0075,0.490493
1.008,0.240791
1.0085,-0.0794702
1.009,-0.414869
1.0095,-0.705527
1.01,-0.899686
1.0105,-0.964507
1.011,-0.89288
1.0115,-0.704672
1.012,-0.442213
1.0125,-0.161046
1.013,0.0821863
1.0135,0.241859
1.014,0.292978
1.0145,0.236305
1.015,0.0976897
1.0155,-0.0780969
1.016,-0.2378
1.0165,-0.331736
1.017,-0.325358
1.0175,-0.207343
1.018,0.00747703
1.0185,0.280892
1.019,0.559313
1.0195,0.78515
1.02,0.90933
1.0205,0.901944
1.021,0.758904
1.0215,0.503067
1.022,0.17954
1.0225,-0.15363
1.023,-0.437727
1.0235,-0.625507
1.024,-0.691
1.0245,-0.634449
1.025,-0.481796
1.0255,-0.27842
1.026,-0.0787683
1.0265,0.0660115
1.027,0.119388
1.0275,0.0676901
1.028,-0.0767846
1.0285,-0.278573
1.029,-0.486923
1.0295,-0.647053
1.03,-0.712638
1.0305,-0.656178
1.031,-0.475692
1.0315,-0.195624
1.032,0.137883
1.0325,0.466323
1.033,0.731223
1.0335,0.886196
1.034,0.906644
1.0345,0.794824
1.035,0.578967
1.0355,0.307047
1.036,0.0362865
1.0365,-0.179296
1.037,-0.300424
1.0375,-0.310801
1.038,-0.220313
1.0385,-0.0622883
1.039,0.114139
1.0395,0.255623
1.04,0.316538
1.0405,0.269753
1.041,0.112949
1.0415,-0.130253
1.042,-0.415082
1.0425,-0.685049
1.043,-0.883999
1.0435,-0.96823
1.044,-0.916196
1.0445,-0.733085
1.045,-0.450117
1.0455,-0.118076
1.046,0.203467
1.0465,0.458449
1.047,0.606067
1.0475,0.629139
1.048,0.537095
1.0485,0.363445
1.049,0.157964
1.0495,-0.024781
1.05,-0.137608
1.0505,-0.151311
1.051,-0.0613117
1.0515,0.111423
1.052,0.324839
1.0525,0.525376
1.053,0.659627
1.0535,0.686666
1.054,0.587268
1.0545,0.368725
1.055,0.0637226
1.0555,-0.275979
1.056,-0.590472
1.0565,-0.82403
1.057,-0.936827
1.0575,-0.913083
1.058,-0.764306
1.0585,-0.526383
1.059,-0.251625
1.0595,0.00256355
1.06,0.186163
1.0605,0.267251
1.061,0.238624
1.0615,0.118931
1.062,-0.0519425
1.0625,-0.221992
1.063,-0.339122
1.0635,-0.36317
1.064,-0.275124
1.0645,-0.0818812
1.065,0.184729
1.0655,0.474532
1.066,0.729575
1.0665,0.896603
1.067,0.938505
1.0675,0.842524
1.068,0.623188
1.0685,0.319254
1.069,-0.0141606
1.0695,-0.317331
1.07,-0.538347
1.0705,-0.643818
1.071,-0.62569
1.0715,-0.502243
1.072,-0.313639
1.0725,-0.112583
1.073,0.0476394
1.0735,0.125156
1.074,0.09888
1.0745,-0.0265816
1.075,-0.222114
1.0755,-0.44026
1.076,-0.625996
1.0765,-0.728874
1.077,-0.714469
1.0775,-0.572405
1.078,-0.319132
1.0785,0.00512711
1.079,0.344432
1.0795,0.638813
1.08,0.836726
1.0805,0.905911
1.081,0.839808
1.0815,0.658773
1.082,0.405377
1.0825,0.134953
1.083,-0.0964385
1.0835,-0.244087
1.084,-0.284249
1.0845,-0.218879
1.085,-0.0748314
1.0855,0.102573
1.086,0.259835
1.0865,0.347758
1.087,0.332591
1.0875,0.204138
1.088,-0.0216681
1.0885,-0.305521
1.089,-0.593127
1.0895,-0.826563
1.09,-0.956847
1.0905,-0.954466
1.091,-0.815882
1.0915,-0.564501
1.092,-0.245735
1.0925,0.0824305
1.093,0.361583
1.0935,0.545213
1.094,0.608203
1.0945,0.551714
1.095,0.402326
1.0955,0.205695
1.096,0.0160527
1.0965,-0.116123
1.097,-0.15537
1.0975,-0.0893582
1.098,0.0683309
1.0985,0.281106
1.099,0.497452
1.0995,0.662404
1.1,0.729728
1.1005,0.672628
1.101,0.489853
1.1015,0.206641
1.102,-0.130131
1.1025,-0.461776
1.103,-0.729789
1.1035,-0.888119
1.104,-0.912809
1.1045,-0.806604
1.105,-0.598254
1.1055,-0.335795
1.106,-0.0760826
1.1065,0.127537
1.107,0.236885
1.1075,0.236915
1.108,0.138646
1.1085,-0.0236518
1.109,-0.200415
1.1095,-0.338328
1.11,-0.392254
1.1105,-0.336039
1.111,-0.168493
1.1115,0.0856349
1.112,0.380657
1.1125,0.659474
1.113,0.865719
1.1135,0.956023
1.114,0.909177
1.1145,0.730979
1.115,0.453139
1.1155,0.126591
1.116,-0.189215
1.1165,-0.438734
1.117,-0.581988
1.1175,-0.602649
1.118,-0.511032
1.1185,-0.341227
1.119,-0.143071
1.1195,0.0291757
1.12,0.129154
1.1205,0.12888
1.121,0.0250862
1.1215,-0.160009
1.122,-0.383343
1.1225,-0.590716
1.123,-0.728721
1.1235,-0.756676
1.124,-0.656056
1.1245,-0.43495
1.125,-0.126865
1.1255,0.216041
1.126,0.533586
1.1265,0.770287
1.127,0.886685
1.1275,0.867733
1.128,0.725394
1.1285,0.495895
1.129,0.231574
1.1295,-0.0106815
1.13,-0.181768
1.1305,-0.250862
1.131,-0.212012
1.1315,-0.084933
1.132,0.0895718
1.1325,0.259285
1.133,0.372326
1.1335,0.389142
1.134,0.291726
1.1345,0.088168
1.135,-0.188665
1.1355,-0.487777
1.136,-0.750755
1.1365,-0.924284
1.137,-0.971648
1.1375,-0.880581
1.138,-0.666097
1.1385,-0.367412
1.139,-0.0396741
1.1395,0.257698
1.14,0.473434
1.1405,0.574999
1.141,0.555284
1.1415,0.433332
1.142,0.249733
1.1425,0.0572222
1.143,-0.091464
1.1435,-0.1554
1.144,-0.114811
1.1445,0.0244758
1.145,0.232032
1.1455,0.459578
1.146,0.651692
1.1465,0.757897
1.147,0.744285
1.1475,0.601184
1.148,0.345805
1.1485,0.0191046
1.149,-0.322611
1.1495,-0.619343
1.15,-0.81988
1.1505,-0.892453
1.151,-0.831141
1.1515,-0.656789
1.152,-0.412214
1.1525,-0.152562
1.153,0.0667745
1.1535,0.202033
1.154,0.23072
1.1545,0.15598
1.155,0.00570696
1.1555,-0.174047
1.156,-0.329752
1.1565,-0.412458
1.157,-0.389264
1.1575,-0.250984
1.158,-0.014771
1.1585,0.279183
1.159,0.575793
1.1595,0.816919
1.16,0.953673
1.1605,0.956908
1.161,0.823695
1.1615,0.577837
1.162,0.265114
1.1625,-0.0565813
1.163,-0.329295
1.1635,-0.507279
1.164,-0.566332
1.1645,-0.508499
1.165,-0.361095
1.1655,-0.17008
1.166,0.0105289
1.1665,0.130863
1.167,0.15656
1.1675,0.076632
1.168,-0.094058
1.1685,-0.31785
1.169,-0.542436
1.1695,-0.712607
1.17,-0.782342
1.1705,-0.725364
1.171,-0.541154
1.1715,-0.255776
1.172,0.0834071
1.1725,0.417402
1.173,0.687765
1.1735,0.848933
1.174,0.877499
1.1745,0.776879
1.175,0.576189
1.1755,0.323588
1.176,0.0755943
1.1765,-0.115238
1.177,-0.211798
1.1775,-0.200293
1.178,-0.0929594
1.1785,0.074984
1.179,0.253517
1.1795,0.389264
1.18,0.437666
1.1805,0.373394
1.181,0.196387
1.1815,-0.0675375
1.182,-0.371776
1.1825,-0.658681
1.183,-0.871792
1.1835,-0.967895
1.184,-0.926267
1.1845,-0.753288
1.185,-0.481063
1.1855,-0.16068
1.186,0.148564
1.1865,0.391766
1.187,0.52974
1.1875,0.547197
1.188,0.455275
1.1885,0.288644
1.189,0.097354
1.1895,-0.0646992
1.19,-0.151982
1.1905,-0.137669
1.191,-0.019776
1.1915,0.178137
1.192,0.412091
1.1925,0.627247
1.193,0.770043
1.1935,0.800226
1.194,0.69982
1.1945,0.477706
1.195,0.168035
1.1955,-0.176489
1.196,-0.495621
1.1965,-0.734092
1.197,-0.852992
1.1975,-0.837855
1.198,-0.701254
1.1985,-0.479781
1.199,-0.225684
1.1995,0.00463881
1.2,0.162938
1.2005,0.219642
1.201,0.170019
1.2015,0.0349742
1.202,-0.143956
1.2025,-0.314096
1.203,-0.423811
1.2035,-0.434156
1.204,-0.328104
1.2045,-0.114841
1.205,0.171758
1.2055,0.479843
1.206,0.750694
1.2065,0.930967
1.207,0.984252
1.2075,0.898831
1.208,0.690207
1.2085,0.397931
1.209,0.0772118
1.2095,-0.212928
1.21,-0.421827
1.2105,-0.517991
1.211,-0.495193
1.2115,-0.373363
1.212,-0.193548
1.2125,-0.00845363
1.213,0.129673
1.2135,0.180822
1.214,0.126438
1.2145,-0.0262459
1.215,-0.245674
1.2155,-0.482742
1.216,-0.681448
1.2165,-0.791498
1.217,-0.779321
1.2175,-0.635945
1.218,-0.379376
1.2185,-0.0511185
1.219,0.292123
1.2195,0.590442
1.22,0.792901
1.2205,0.868404
1.221,0.81164
1.2215,0.644002
1.222,0.408521
1.2225,0.1601
1.223,-0.0464492
1.2235,-0.168401
1.224,-0.184515
1.2245,-0.0992157
1.225,0.058565
1.2255,0.242134
1.226,0.397656
1.2265,0.476638
1.227,0.446852
1.2275,0.30015
1.228,0.0547807
1.2285,-0.248115
1.229,-0.552843
1.2295,-0.800989
1.23,-0.943754
1.2305,-0.952483
1.231,-0.824702
1.2315,-0.584735
1.232,-0.278573
1.2325,0.0359508
1.233,0.301431
1.2335,0.472884
1.234,0.527146
1.2345,0.467177
1.235,0.321085
1.2355,0.135105
1.236,-0.0368664
1.2365,-0.145634
1.237,-0.157933
1.2375,-0.0639363
1.238,0.120121
1.2385,0.355419
1.239,0.589038
1.2395,0.765404
1.24,0.83871
1.2405,0.783166
1.241,0.599017
1.2415,0.313028
1.242,-0.0269784
1.2425,-0.361736
1.243,-0.633045
1.2435,-0.79577
1.244,-0.827143
1.2445,-0.731223
1.245,-0.537584
1.2455,-0.294443
1.246,-0.0580462
1.2465,0.119907
1.247,0.203436
1.2475,0.179968
1.248,0.0630512
1.2485,-0.11124
1.249,-0.292276
1.2495,-0.426649
1.25,-0.470321
1.2505,-0.398755
1.251,-0.212989
1.2515,0.060152
1.252,0.37318
1.2525,0.667959
1.253,0.887936
1.2535,0.990081
1.254,0.954253
1.2545,0.787317
1.255,0.521744
1.2555,0.208777
1.256,-0.0925321
1.2565,-0.327952
1.257,-0.459181
1.2575,-0.471908
1.258,-0.378216
1.2585,-0.213477
1.259,-0.0278329
1.2595,0.125126
1.26,0.200598
1.2605,0.172979
1.261,0.0415357
1.2615,-0.168889
1.262,-0.413343
1.2625,-0.636372
1.263,-0.784387
1.2635,-0.817286
1.264,-0.717826
1.2645,-0.495529
1.265,-0.185247
1.2655,0.160009
1.266,0.479843
1.2665,0.719321
1.267,0.840114
1.2675,0.828425
1.268,0.697439
1.2685,0.484054
1.269,0.240486
1.2695,0.0226447
1.27,-0.122166
1.2705,-0.165532
1.271,-0.104038
1.2715,0.0401929
1.272,0.22483
1.2725,0.396863
1.273,0.504715
1.2735,0.510056
1.274,0.396802
1.2745,0.175176
1.275,-0.119938
1.2755,-0.435987
1.276,-0.713889
1.2765,-0.900296
1.277,-0.959197
1.2775,-0.879299
1.278,-0.676748
1.2785,-0.391339
1.279,-0.0782189
1.2795,0.203894
1.28,0.405164
1.2805,0.495041
1.281,0.468337
1.2815,0.345836
1.282,0.169134
1.2825,-0.00909452
1.283,-0.137059
1.2835,-0.175665
1.284,-0.107578
1.2845,0.0586566
1.285,0.290323
1.2855,0.537431
1.286,0.743583
1.2865,0.858455
1.287,0.848933
1.2875,0.706717
1.288,0.450423
1.2885,0.122196
1.289,-0.221046
1.2895,-0.519425
1.29,-0.722465
1.2905,-0.799677
1.291,-0.746483
1.2915,-0.584796
1.292,-0.35786
1.2925,-0.120396
1.293,0.073397
1.2935,0.181951
1.294,0.185156
1.2945,0.0888089
1.295,-0.0770898
1.2955,-0.265145
1.296,-0.421339
1.2965,-0.497391
1.297,-0.461867
1.2975,-0.307535
1.298,-0.0537126
1.2985,0.257546
1.299,0.569994
1.2995,0.824946
1.3,0.973815
1.3005,0.988372
1.301,0.866634
1.3015,0.633412
1.302,0.33491
1.3025,0.028779
1.303,-0.228095
1.3035,-0.391583
1.304,-0.439589
1.3045,-0.37608
1.305,-0.229865
1.3055,-0.0476394
1.306,0.116855
1.3065,0.215064
1.307,0.214759
1.3075,0.107364
1.308,-0.0895718
1.3085,-0.336192
1.309,-0.578814
1.3095,-0.76162
1.31,-0.838954
1.3105,-0.785516
1.311,-0.602222
1.3115,-0.316507
1.312,0.0233467
1.3125,0.357952
1.313,0.629292
1.3135,0.79281
1.314,0.826411
1.3145,0.734855
1.315,0.548143
1.3155,0.314615
1.316,0.0901212
1.3165,-0.0744346
1.317,-0.144139
1.3175,-0.107822
1.318,0.0198065
1.3185,0.201605
1.319,0.386456
1.3195,0.520859
1.32,0.561205
1.3205,0.48381
1.321,0.290658
1.3215,0.00964385
1.322,-0.311045
1.3225,-0.612751
1.323,-0.838832
1.3235,-0.946623
1.324,-0.916379
1.3245,-0.755516
1.325,-0.496933
1.3255,-0.191931
1.326,0.100772
1.3265,0.327555
1.327,0.451155
1.3275,0.458296
1.328,0.362011
1.3285,0.198309
1.329,0.0176092
1.3295,-0.126774
1.33,-0.190893
1.3305,-0.150212
1.331,-0.0052797
1.3315,0.217811
1.332,0.473098
1.3325,0.704642
1.333,0.858638
1.3335,0.895352
1.334,0.798059
1.3345,0.576952
1.335,0.267495
1.3355,-0.0769372
1.336,-0.396008
1.3365,-0.63509
1.337,-0.756523
1.3375,-0.747154
1.338,-0.620899
1.3385,-0.41496
1.339,-0.181524
1.3395,0.0239875
1.34,0.155248
1.3405,0.185064
1.341,0.111332
1.3415,-0.0426649
1.342,-0.233711
1.3425,-0.408399
1.343,-0.515213
1.3435,-0.516465
1.344,-0.396924
1.3445,-0.167791
1.345,0.135075
1.3455,0.45851
1.346,0.743034
1.3465,0.935423
1.347,1
1.3475,0.926084
1.348,0.730216
1.3485,0.452528
1.349,0.148106
1.3495,-0.12476
1.35,-0.317087
1.3505,-0.399304
1.351,-0.367321
1.3515,-0.242805
1.352,-0.0678732
1.3525,0.104678
1.353,0.223548
1.3535,0.250526
1.354,0.1695
1.3545,-0.00976592
1.355,-0.253334
1.3555,-0.510361
1.356,-0.724082
1.3565,-0.844142
1.357,-0.837886
1.3575,-0.697531
1.358,-0.442457
1.3585,-0.115268
1.359,0.226936
1.3595,0.5244
1.36,0.727165
1.3605,0.805353
1.361,0.75515
1.3615,0.599048
1.362,0.380535
1.3625,0.15418
1.363,-0.0266121
1.3635,-0.121189
1.364,-0.110782
1.3645,-0.00250252
1.365,0.172582
1.3655,0.366283
1.366,0.5244
1.3665,0.598895
1.367,0.559008
1.3675,0.39845
1.368,0.137486
1.3685,-0.180944
1.369,-0.500076
1.3695,-0.76104
1.37,-0.915433
1.3705,-0.935453
1.371,-0.819727
1.3715,-0.593493
1.372,-0.30311
1.3725,-0.00604266
1.373,0.241432
1.3735,0.39613
1.374,0.436903
1.3745,0.368908
1.375,0.221717
1.3755,0.0423902
1.376,-0.11536
1.3765,-0.20365
1.377,-0.191168
1.3775,-0.0706809
1.378,0.139042
1.3785,0.397107
1.379,0.649098
1.3795,0.838923
1.38,0.921079
1.3805,0.870785
1.381,0.689596
1.3815,0.405499
1.382,0.0672323
1.3825,-0.265755
1.383,-0.535783
1.3835,-0.698813
1.384,-0.733512
1.3845,-0.645344
1.385,-0.464827
1.3855,-0.240394
1.386,-0.0275277
1.3865,0.123661
1.387,0.179418
1.3875,0.129887
1.388,-0.00894192
1.3885,-0.19892
1.389,-0.388348
1.3895,-0.523698
1.39,-0.561693
1.3905,-0.479446
1.391,-0.279916
1.3915,0.00808741
1.392,0.335612
1.3925,0.643635
1.393,0.875454
1.3935,0.988708
1.394,0.964171
1.3945,0.809778
1.395,0.558824
1.3955,0.262612
1.396,-0.0204474
1.3965,-0.237465
1.397,-0.352153
1.3975,-0.352367
1.398,-0.252205
1.3985,-0.08829
1.399,0.0886258
1.3995,0.225562
1.4,0.279275
1.4005,0.226325
1.401,0.0685751
1.4015,-0.166753
1.402,-0.432722
1.4025,-0.672781
1.403,-0.833064
1.4035,-0.874081
1.404,-0.779687
1.4045,-0.560686
1.405,-0.25309
1.4055,0.0894192
1.406,0.406629
1.4065,0.644307
1.407,0.765404
1.4075,0.757653
1.408,0.635517
1.4085,0.436689
1.409,0.213233
1.4095,0.0200812
1.41,-0.097354
1.4105,-0.113102
1.411,-0.0264595
1.4115,0.138157
1.412,0.336619
1.4125,0.515061
1.413,0.62212
1.4135,0.620563
1.414,0.496017
1.4145,0.260689
1.415,-0.0487381
1.4155,-0.37846
1.416,-0.668722
1.4165,-0.866451
1.417,-0.936338
1.4175,-0.868221
1.418,-0.679128
1.4185,-0.409558
1.419,-0.114444
1.4195,0.148442
1.42,0.330912
1.4205,0.404492
1.421,0.366192
1.4215,0.238655
1.422,0.0645466
1.4225,-0.103244
1.423,-0.213782
1.4235,-0.229804
1.424,-0.136326
1.4245,0.0556047
1.425,0.310923
1.4255,0.57799
1.426,0.799585
1.4265,0.925443
1.427,0.923215
1.4275,0.785791
1.428,0.533128
1.4285,0.208228
1.429,-0.131596
1.4295,-0.426801
1.43,-0.627979
1.4305,-0.705985
1.431,-0.657826
1.4315,-0.506546
1.432,-0.295877
1.4325,-0.0802026
1.433,0.0876492
1.4335,0.168188
1.434,0.143925
1.4345,0.0232246
1.435,-0.161657
1.4355,-0.361827
1.436,-0.522782
1.4365,-0.596728
1.437,-0.553545
1.4375,-0.38786
1.438,-0.120823
1.4385,0.203803
1.439,0.528733
1.4395,0.795068
1.44,0.954588
1.4405,0.979949
1.441,0.870357
1.4415,0.651448
1.442,0.369762
1.4425,0.0825526
1.443,-0.154546
1.4435,-0.299295
1.444,-0.331706
1.4445,-0.258003
1.445,-0.108646
1.4455,0.0689108
1.446,0.221015
1.4465,0.300333
1.447,0.276559
1.4475,0.143651
1.448,-0.0784021
1.4485,-0.347606
1.449,-0.608936
1.4495,-0.805963
1.45,-0.893429
1.4505,-0.84695
1.451,-0.668752
1.4515,-0.38731
1.452,-0.0517899
1.4525,0.27842
1.453,0.545946
1.4535,0.707389
1.454,0.742241
1.4545,0.656667
1.455,0.481735
1.4555,0.265999
1.456,0.0645772
1.4565,-0.0731834
1.457,-0.11478
1.4575,-0.0516373
1.458,0.0990326
1.4585,0.297983
1.459,0.492965
1.4595,0.630299
1.46,0.667104
1.4605,0.581256
1.461,0.376537
1.4615,0.0827357
1.462,-0.250557
1.4625,-0.563921
1.463,-0.800775
1.4635,-0.919004
1.464,-0.89993
1.4645,-0.752068
1.465,-0.509018
1.4655,-0.222175
1.466,0.0505081
1.4665,0.256874
1.467,0.361675
1.4675,0.353923
1.468,0.248726
1.4685,0.0835597
1.469,-0.0906705
1.4695,-0.221137
1.47,-0.265328
1.4705,-0.200842
1.471,-0.0308237
1.4715,0.216346
1.472,0.492782
1.4725,0.741447
1.473,0.908322
1.4735,0.954222
1.474,0.863491
1.4745,0.647603
1.475,0.342998
1.4755,0.00360118
1.476,-0.310465
1.4765,-0.545488
1.477,-0.665181
1.4775,-0.65801
1.478,-0.539201
1.4785,-0.346812
1.479,-0.132969
1.4795,0.0480056
1.48,0.151616
1.4805,0.153111
1.481,0.0531327
1.4815,-0.122684
1.482,-0.329325
1.4825,-0.512467
1.483,-0.620777
1.4835,-0.617573
1.484,-0.489273
1.4845,-0.248939
1.485,0.0658895
1.4855,0.40083
1.486,0.695975
1.4865,0.898343
1.487,0.973083
1.4875,0.910611
1.488,0.728446
1.4885,0.467299
1.489,0.182043
1.4895,-0.0700705
1.49,-0.241768
1.4905,-0.305704
1.491,-0.260048
1.4915,-0.128361
1.492,0.0459914
1.4925,0.210028
1.493,0.313242
1.4935,0.319163
1.494,0.213965
1.4945,0.00991852
1.495,-0.256813
1.4955,-0.533799
1.496,-0.763421
1.4965,-0.895444
1.497,-0.897916
1.4975,-0.764245
1.498,-0.515
1.4985,-0.193609
1.499,0.142552
1.4995,0.434217
1.5,0.632588
1.5005,0.709281
1.501,0.66213
1.5015,0.514817
1.502,0.31138
1.5025,0.105991
1.503,-0.0491958
1.5035,-0.115726
1.504,-0.0773949
1.5045,0.056093
1.505,0.25132
1.5055,0.458663
1.506,0.623341
1.5065,0.697775
1.507,0.652394
1.5075,0.482711
1.508,0.210761
1.5085,-0.118992
1.509,-0.448805
1.5095,-0.719687
1.51,-0.883755
1.5105,-0.914182
1.511,-0.810663
1.5115,-0.599322
1.512,-0.326823
1.5125,-0.0501724
1.513,0.175695
1.5135,0.309488
1.514,0.332438
1.5145,0.251869
1.515,0.0991241
1.5155,-0.0778222
1.516,-0.22541
1.5165,-0.296823
1.517,-0.262703
1.5175,-0.118198
1.518,0.115513
1.5185,0.395459
1.519,0.665883
1.5195,0.870205
1.52,0.963256
1.5205,0.92114
1.521,0.746666
1.5215,0.468856
1.522,0.13712
1.5225,-0.189154
1.523,-0.453017
1.5235,-0.611805
1.524,-0.645802
1.5245,-0.561998
1.525,-0.39198
1.5255,-0.184454
1.526,0.005768
1.5265,0.130192
1.527,0.157445
1.5275,0.0802942
1.528,-0.0827052
1.5285,-0.291391
1.529,-0.492813
1.5295,-0.633198
1.53,-0.670034
1.5305,-0.581835
1.531,-0.373302
1.5315,-0.074984
1.532,0.262825
1.5325,0.580493
1.533,0.821406
1.5335,0.943907
1.534,0.929899
1.5345,0.788385
1.535,0.553301
1.5355,0.276101
1.536,0.0143437
1.5365,-0.180639
1.537,-0.274728
1.5375,-0.258065
1.538,-0.146916
1.5385,0.020539
1.539,0.19303
1.5395,0.317942
1.54,0.353465
1.5405,0.278207
1.541,0.0964995
1.5415,-0.162084
1.542,-0.448836
1.5425,-0.706137
1.543,-0.87991
1.5435,-0.931211
1.544,-0.844966
1.5445,-0.633198
1.545,-0.332774
1.5455,0.00216681
1.546,0.311777
1.5465,0.542802
1.547,0.659719
1.5475,0.651967
1.548,0.535447
1.5485,0.348643
1.549,0.143651
1.5495,-0.025605
1.55,-0.115635
1.5505,-0.102969
1.551,0.0104984
1.5515,0.197851
1.552,0.413129
1.5525,0.601672
1.553,0.712119
1.5535,0.708213
1.554,0.577136
1.5545,0.332865
1.555,0.0137028
1.5555,-0.325541
1.556,-0.624714
1.5565,-0.831111
1.557,-0.910337
1.5575,-0.853359
1.558,-0.678274
1.5585,-0.425947
1.559,-0.151158
1.5595,0.0893582
1.56,0.249306
1.5605,0.302469
1.561,0.248238
1.5615,0.111179
1.562,-0.0646992
1.5625,-0.226295
1.563,-0.323374
1.5635,-0.320353
1.564,-0.204474
1.5645,0.0108341
1.565,0.288308
1.5655,0.574755
1.566,0.812189
1.5665,0.950377
1.567,0.957823
1.5675,0.828455
1.568,0.583361
1.5685,0.266366
1.569,-0.065157
1.5695,-0.352214
1.57,-0.546709
1.5705,-0.621143
1.571,-0.574145
1.5715,-0.430097
1.572,-0.233375
1.5725,-0.0379345
1.573,0.104709
1.5735,0.15714
1.574,0.104465
1.5745,-0.0422681
1.575,-0.248543
1.5755,-0.463942
1.576,-0.633412
1.5765,-0.709494
1.577,-0.663259
1.5775,-0.490982
1.578,-0.215552
1.5785,0.117954
1.579,0.451338
1.5795,0.7257
1.58,0.893368
1.5805,0.928129
1.581,0.830226
1.5815,0.62627
1.582,0.363048
1.5825,0.0972015
1.583,-0.116916
1.5835,-0.239113
1.584,-0.251839
1.5845,-0.163549
1.585,-0.00656148
1.5855,0.17069
1.586,0.314676
1.5865,0.379009
1.587,0.335307
1.5875,0.179846
1.588,-0.0650655
1.5885,-0.35548
1.589,-0.634968
1.5895,-0.846767
1.59,-0.94586
1.5905,-0.908872
1.591,-0.739067
1.5915,-0.466048
1.592,-0.139409
1.5925,0.181524
1.593,0.440291
1.5935,0.594989
1.594,0.626759
1.5945,0.543504
1.595,0.377331
1.5955,0.17716
1.596,-0.00262459
1.5965,-0.114231
1.597,-0.127476
1.5975,-0.0364391
1.598,0.139042
1.5985,0.357707
1.599,0.566057
1.5995,0.710166
1.6,0.747826
1.6005,0.658193
1.601,0.446791
1.6015,0.144993
1.602,-0.196417
1.6025,-0.517502
1.603,-0.761834
1.6035,-0.88815
1.604,-0.878964
1.6045,-0.743797
1.605,-0.517014
1.6055,-0.250008
1.606,9.15555e-05
1.6065,0.182775
1.607,0.265023
1.6075,0.238289
1.608,0.119846
1.6085,-0.0512406
1.609,-0.223334
1.6095,-0.344066
1.61,-0.372173
1.6105,-0.287362
1.611,-0.0950652
1.6115,0.174047
1.612,0.470382
1.6125,0.735862
1.613,0.916288
1.6135,0.973083
1.614,0.891629
1.6145,0.684469
1.615,0.388989
1.6155,0.0592975
1.616,-0.244881
1.6165,-0.470931
1.617,-0.584185
1.6175,-0.574969
1.618,-0.460005
1.6185,-0.278207
1.619,-0.0817286
1.6195,0.0760826
1.62,0.152562
1.6205,0.125492
1.621,-0.00183111
1.6215,-0.2013
1.622,-0.426099
1.6225,-0.620991
1.623,-0.734733
1.6235,-0.731437
1.624,-0.599078
1.6245,-0.352367
1.625,-0.0303049
1.6255,0.311747
1.626,0.613666
1.6265,0.822962
1.627,0.905728
1.6275,0.853572
1.628,0.68508
1.6285,0.44142
1.629,0.17719
1.6295,-0.0514847
1.63,-0.199225
1.6305,-0.241035
1.631,-0.177526
1.6315,-0.0343028
1.632,0.143956
1.6325,0.303903
1.633,0.395703
1.6335,0.384472
1.634,0.258553
1.6345,0.0325632
1.635,-0.255318
1.6355,-0.551042
1.636,-0.79635
1.6365,-0.941099
1.637,-0.954131
1.6375,-0.82992
1.638,-0.590106
1.6385,-0.278787
1.639,0.0466628
1.6395,0.327677
1.64,0.516831
1.6405,0.587512
1.641,0.539323
1.6415,0.39732
1.642,0.206183
1.6425,0.0197455
1.643,-0.111057
1.6435,-0.149937
1.644,-0.0832545
1.6445,0.0766015
1.645,0.293985
1.6455,0.517747
1.646,0.692434
1.6465,0.770867
1.647,0.72457
1.6475,0.550554
1.648,0.272561
1.6485,-0.0636921
1.649,-0.399854
1.6495,-0.676901
1.65,-0.847652
1.6505,-0.88641
1.651,-0.794061
1.6515,-0.597674
1.652,-0.344096
1.6525,-0.0897549
1.653,0.111789
1.6535,0.221381
1.654,0.222694
1.6545,0.125431
1.655,-0.0372021
1.6555,-0.216193
1.656,-0.357921
1.6565,-0.416608
1.657,-0.364635
1.6575,-0.199438
1.658,0.0555437
1.6585,0.35548
1.659,0.643361
1.6595,0.862178
1.66,0.967132
1.6605,0.935301
1.661,0.770531
1.6615,0.502823
1.662,0.182012
1.6625,-0.132756
1.663,-0.38554
1.6635,-0.535234
1.664,-0.564013
1.6645,-0.480514
1.665,-0.317576
1.6655,-0.12421
1.666,0.045381
1.6665,0.144292
1.667,0.143437
1.6675,0.0382397
1.668,-0.150182
1.6685,-0.379559
1.669,-0.595752
1.6695,-0.744682
1.67,-0.784417
1.6705,-0.694784
1.671,-0.48207
1.6715,-0.178289
1.672,0.165136
1.6725,0.488205
1.673,0.734642
1.6735,0.863674
1.674,0.858364
1.6745,0.728935
1.675,0.510025
1.6755,0.253059
1.676,0.0146794
1.6765,-0.1554
1.677,-0.22541
1.6775,-0.187994
1.678,-0.0616169
1.6785,0.113834
1.679,0.286355
1.6795,0.403668
1.68,0.425184
1.6805,0.331492
1.681,0.129215
1.6815,-0.149968
1.682,-0.455611
1.6825,-0.729209
1.683,-0.916532
1.6835,-0.979278
1.684,-0.903317
1.6845,-0.701804
1.685,-0.412397
1.6855,-0.0893887
1.686,0.207892
1.6865,0.427442
1.687,0.535539
1.6875,0.523423
1.688,0.408612
1.6885,0.230598
1.689,0.0415357
1.6895,-0.105686
1.69,-0.169378
1.6905,-0.128483
1.691,0.01236
1.6915,0.223853
1.692,0.458235
1.6925,0.659841
1.693,0.777337
1.6935,0.775353
1.694,0.642476
1.6945,0.394208
1.695,0.0702231
1.6955,-0.273782
1.696,-0.577654
1.6965,-0.789178
1.697,-0.875057
1.6975,-0.827509
1.698,-0.66567
1.6985,-0.430921
1.699,-0.17777
1.6995,0.0383312
1.7,0.172948
1.7005,0.202307
1.701,0.128269
1.7015,-0.0224311
1.702,-0.204443
1.7025,-0.364208
1.703,-0.452162
1.7035,-0.434187
1.704,-0.2996
1.7045,-0.0641499
1.705,0.233009
1.7055,0.537126
1.706,0.789666
1.7065,0.94058
1.707,0.959044
1.7075,0.840144
1.708,0.605976
1.7085,0.300882
1.709,-0.0177923
1.7095,-0.29191
1.71,-0.474837
1.7105,-0.540971
1.711,-0.490738
1.7115,-0.350108
1.712,-0.164006
1.7125,0.0137944
1.713,0.13303
1.7135,0.158422
1.714,0.0776086
1.7145,-0.0957366
1.715,-0.324808
1.7155,-0.557695
1.716,-0.738639
1.7165,-0.820551
1.717,-0.775536
1.7175,-0.601337
1.718,-0.322336
1.7185,0.0151372
1.719,0.352489
1.7195,0.630818
1.72,0.803369
1.7205,0.845058
1.721,0.757439
1.7215,0.56798
1.722,0.32371
1.7225,0.080752
1.723,-0.108097
1.7235,-0.204779
1.724,-0.19425
1.7245,-0.0874355
1.725,0.0814844
1.7255,0.262947
1.726,0.403272
1.7265,0.457045
1.727,0.397626
1.7275,0.223365
1.728,-0.0411695
1.7285,-0.3502
1.729,-0.64626
1.7295,-0.872158
1.73,-0.983306
1.7305,-0.957213
1.731,-0.798273
1.7315,-0.536943
1.732,-0.223243
1.7325,0.0839564
1.733,0.329264
1.7335,0.472457
1.734,0.496689
1.7345,0.411542
1.735,0.250465
1.7355,0.0627461
1.736,-0.0977508
1.7365,-0.184851
1.737,-0.170598
1.7375,-0.0517594
1.738,0.149327
1.7385,0.389325
1.739,0.613514
1.7395,0.767632
1.74,0.810022
1.7405,0.721091
1.741,0.507859
1.7415,0.20307
1.742,-0.141484
1.7425,-0.465682
1.743,-0.713492
1.7435,-0.84463
1.744,-0.842891
1.7445,-0.719016
1.745,-0.508133
1.7455,-0.261544
1.746,-0.035493
1.7465,0.121281
1.747,0.178045
1.7475,0.128819
1.748,-0.00671407
1.7485,-0.187902
1.749,-0.362255
1.7495,-0.477615
1.75,-0.493973
1.7505,-0.392865
1.751,-0.181951
1.7515,0.106052
1.752,0.419965
1.7525,0.700888
1.753,0.894528
1.7535,0.96292
1.754,0.892422
1.7545,0.696738
1.755,0.413862
1.7555,0.098117
1.756,-0.191504
1.7565,-0.40376
1.757,-0.505814
1.7575,-0.489944
1.758,-0.374584
1.7585,-0.199683
1.759,-0.0174871
1.7595,0.119541
1.76,0.170598
1.7605,0.115909
1.761,-0.038667
1.7615,-0.262551
1.762,-0.507126
1.7625,-0.716239
1.763,-0.838588
1.7635,-0.839167
1.764,-0.707175
1.7645,-0.458876
1.765,-0.134526
1.7655,0.209906
1.766,0.514206
1.7665,0.726615
1.767,0.814386
1.7675,0.77044
1.768,0.61449
1.7685,0.388165
1.769,0.145787
1.7695,-0.0577715
1.77,-0.179083
1.7705,-0.195654
1.771,-0.11063
1.7715,0.0481582
1.772,0.234626
1.7725,0.395001
1.773,0.479904
1.7735,0.455977
1.774,0.313517
1.7745,0.069277
1.775,-0.23661
1.7755,-0.548784
1.776,-0.808405
1.7765,-0.965606
1.777,-0.989898
1.7775,-0.876949
1.778,-0.649281
1.7785,-0.351543
1.779,-0.0409558
1.7795,0.224891
1.78,0.400128
1.7805,0.460158
1.781,0.406507
1.7815,0.265816
1.782,0.0834681
1.7825,-0.0868862
1.783,-0.195532
1.7835,-0.208258
1.784,-0.113956
1.7845,0.0724509
1.785,0.312998
1.7855,0.554979
1.786,0.742424
1.7865,0.828303
1.787,0.785211
1.7875,0.61156
1.788,0.332469
1.7885,-0.00531022
1.789,-0.342906
1.7895,-0.621662
1.79,-0.795312
1.7905,-0.839381
1.791,-0.756157
1.7915,-0.573595
1.792,-0.338816
1.7925,-0.107608
1.793,0.0679647
1.7935,0.150945
1.794,0.127598
1.7945,0.0101016
1.795,-0.166387
1.7955,-0.351604
1.796,-0.491928
1.7965,-0.542283
1.797,-0.476821
1.7975,-0.294931
1.798,-0.022187
1.7985,0.29487
1.799,0.598132
1.7995,0.830378
1.8,0.947233
1.8005,0.926664
1.801,0.773675
1.8015,0.519059
1.802,0.212958
1.8025,-0.0860012
1.803,-0.323038
1.8035,-0.458876
1.804,-0.477676
1.8045,-0.390027
1.805,-0.230079
1.8055,-0.0473342
1.806,0.104556
1.8065,0.180212
1.807,0.152806
1.8075,0.0203253
1.808,-0.193609
1.8085,-0.444685
1.809,-0.67748
1.8095,-0.837642
1.81,-0.883786
1.8105,-0.796838
1.811,-0.584521
1.8115,-0.28019
1.812,0.0639668
1.8125,0.387768
1.813,0.635487
1.8135,0.767479
1.814,0.768181
1.8145,0.649037
1.815,0.445479
1.8155,0.208869
1.816,-0.00506607
1.8165,-0.148412
1.817,-0.191748
1.8175,-0.130345
1.818,0.0149236
1.8185,0.20249
1.819,0.379467
1.8195,0.493728
1.82,0.505814
1.8205,0.398144
1.821,0.179388
1.8215,-0.116764
1.822,-0.438398
1.8225,-0.726279
1.823,-0.926115
1.8235,-1.00003
1.824,-0.935728
1.8245,-0.746544
1.825,-0.471145
1.8255,-0.163793
1.826,0.116916
1.8265,0.320475
1.827,0.415082
1.8275,0.394055
1.828,0.276711
1.8285,0.103641
1.829,-0.0729087
1.8295,-0.200842
1.83,-0.240211
1.8305,-0.17243
1.831,-0.00473037
1.8315,0.231239
1.832,0.485885
1.8325,0.702658
1.833,0.830195
1.8335,0.833857
1.834,0.703513
1.8345,0.456069
1.835,0.132298
1.8355,-0.211524
1.836,-0.515305
1.8365,-0.727714
1.837,-0.816706
1.8375,-0.775872
1.838,-0.625507
1.8385,-0.407544
1.839,-0.176122
1.8395,0.0144963
1.84,0.121952
1.8405,0.124973
1.841,0.028016
1.8415,-0.139958
1.842,-0.332133
1.8425,-0.4944
1.843,-0.577685
1.8435,-0.549211
1.844,-0.40025
1.8445,-0.148564
1.845,0.16483
1.8455,0.483993
1.846,0.749901
1.8465,0.912748
1.847,0.942564
1.8475,0.835505
1.848,0.614582
1.8485,0.324625
1.849,0.0227363
1.8495,-0.234046
1.85,-0.400739
1.8505,-0.45381
1.851,-0.395795
1.8515,-0.254158
1.852,-0.0748009
1.8525,0.0887783
1.853,0.187414
1.8535,0.187872
1.854,0.0802637
1.8545,-0.119114
1.855,-0.371319
1.8555,-0.622852
1.856,-0.817408
1.8565,-0.908139
1.857,-0.868068
1.8575,-0.69628
1.858,-0.41847
1.8585,-0.0818812
1.859,0.254494
1.8595,0.532273
1.86,0.705679
1.8605,0.750999
1.861,0.671224
1.8615,0.494766
1.862,0.26896
1.8625,0.0492264
1.863,-0.113132
1.8635,-0.182287
1.864,-0.145787
1.8645,-0.0171209
1.865,0.167547
1.8655,0.357341
1.866,0.49852
1.8665,0.546373
1.867,0.475814
1.8675,0.28721
1.868,0.00708029
1.8685,-0.317179
1.869,-0.627125
1.8695,-0.865352
1.87,-0.987854
1.8705,-0.973022
1.871,-0.82638
1.8715,-0.57918
1.872,-0.281594
1.8725,0.00799585
1.873,0.235542
1.8735,0.362682
1.874,0.374737
1.8745,0.283273
1.875,0.123142
1.8755,-0.0558489
1.876,-0.200293
1.8765,-0.265481
1.877,-0.225684
1.8775,-0.0802026
1.878,0.146123
1.8785,0.408032
1.879,0.649495
1.8795,0.815973
1.88,0.866329
1.8805,0.782037
1.881,0.57152
1.8815,0.268685
1.882,-0.0740074
1.8825,-0.396374
1.883,-0.643025
1.8835,-0.774987
1.884,-0.777459
1.8845,-0.662496
1.885,-0.465987
1.8855,-0.239265
1.886,-0.0376293
1.8865,0.0919828
1.887,0.121311
1.8875,0.046968
1.888,-0.108951
1.8885,-0.303964
1.889,-0.484725
1.8895,-0.599139
1.89,-0.608295
1.8905,-0.495407
1.891,-0.27015
1.8915,0.032899
1.892,0.361187
1.8925,0.65508
1.893,0.860439
1.8935,0.940001
1.894,0.881161
1.8945,0.69863
1.895,0.431043
1.8955,0.132633
1.896,-0.138401
1.8965,-0.332408
1.897,-0.418592
1.8975,-0.39143
1.898,-0.271187
1.8985,-0.0989715
1.899,0.0727256
1.8995,0.192297
1.9,0.220588
1.9005,0.140202
1.901,-0.0404065
1.9015,-0.288369
1.902,-0.553301
1.9025,-0.7781
1.903,-0.911466
1.9035,-0.919126
1.904,-0.791498
1.9045,-0.546129
1.905,-0.224311
1.9055,0.117496
1.906,0.419416
1.9065,0.630512
1.907,0.719504
1.9075,0.680807
1.908,0.535203
1.9085,0.325022
1.909,0.10416
1.9095,-0.0737022
1.91,-0.167211
1.9105,-0.156407
1.911,-0.0470901
1.9115,0.130711
1.912,0.329325
1.9125,0.494369
1.913,0.577013
1.9135,0.54503
1.914,0.390637
1.9145,0.132511
1.915,-0.187475
1.9155,-0.512864
1.916,-0.784448
1.9165,-0.952635
1.917,-0.987854
1.9175,-0.886898
1.918,-0.673147
1.9185,-0.391675
1.919,-0.0993683
1.9195,0.147313
1.92,0.3043
1.9205,0.349162
1.921,0.285531
1.9215,0.141758
1.922,-0.0358287
1.9225,-0.193731
1.923,-0.283364
1.9235,-0.272408
1.924,-0.152257
1.9245,0.0596332
1.925,0.323191
1.9255,0.584216
1.926,0.786096
1.9265,0.882076
1.927,0.845668
1.9275,0.676565
1.928,0.401074
1.9285,0.066805
1.929,-0.267251
1.9295,-0.542894
1.93,-0.715018
1.9305,-0.760704
1.931,-0.683615
1.9315,-0.512741
1.932,-0.295572
1.9325,-0.0872219
1.933,0.0618
1.9335,0.116825
1.934,0.0666829
1.9345,-0.0738853
1.935,-0.267556
1.9355,-0.462935
1.936,-0.606067
1.9365,-0.652669
1.937,-0.578265
1.9375,-0.384228
1.938,-0.0979644
1.9385,0.232429
1.939,0.548051
1.9395,0.791559
1.94,0.919156
1.9405,0.909818
1.941,0.769555
1.9415,0.530045
1.942,0.241493
1.9425,-0.0380566
1.943,-0.255226
1.9435,-0.372723
1.944,-0.376965
1.9445,-0.280618
1.945,-0.119266
1.9455,0.0569475
1.946,0.19483
1.9465,0.250374
1.947,0.19892
1.9475,0.0409253
1.948,-0.197516
1.9485,-0.470138
1.949,-0.720389
1.9495,-0.893582
1.95,-0.94879
1.9505,-0.868068
1.951,-0.66039
1.9515,-0.360179
1.952,-0.0202338
1.9525,0.299387
1.953,0.543718
1.9535,0.674459
1.954,0.677633
1.9545,0.566027
1.955,0.375927
1.9555,0.158666
1.956,-0.0309458
1.9565,-0.146794
1.957,-0.161931
1.9575,-0.0742821
1.958,0.0928678
1.9585,0.29606
1.959,0.481491
1.9595,0.597095
1.96,0.604419
1.9605,0.487472
1.961,0.256844
1.9615,-0.0520035
1.962,-0.385937
1.9625,-0.685049
1.963,-0.895322
1.9635,-0.979888
1.964,-0.926695
1.9645,-0.750969
1.965,-0.491623
1.9655,-0.202826
1.966,0.0577105
1.9665,0.241188
1.967,0.317911
1.9675,0.283486
1.968,0.159154
1.9685,-0.0133061
1.969,-0.18128
1.9695,-0.293435
1.97,-0.311533
1.9705,-0.219275
1.971,-0.0263375
1.9715,0.233253
1.972,0.508286
1.9725,0.741234
1.973,0.880795
1.9735,0.893033
1.974,0.768944
1.9745,0.526688
1.975,0.207953
1.9755,-0.13065
1.976,-0.429426
1.9765,-0.63805
1.977,-0.725974
1.9775,-0.688406
1.978,-0.546831
1.9785,-0.343822
1.979,-0.133183
1.9795,0.0320444
1.98,0.111576
1.9805,0.0867031
1.981,-0.0354625
1.9815,-0.22367
1.982,-0.429548
1.9825,-0.598346
1.983,-0.681356
1.9835,-0.647023
1.984,-0.488357
1.9845,-0.224982
1.985,0.100467
1.9855,0.431104
1.986,0.707572
1.9865,0.880459
1.987,0.920804
1.9875,0.825831
1.988,0.619465
1.9885,0.346934
1.989,0.0648518
1.9895,-0.170873
1.99,-0.317148
1.9905,-0.352733
1.991,-0.282357
1.9915,-0.135319
1.992,0.0416578
1.9925,0.194952
1.993,0.276559
1.9935,0.255104
1.994,0.123112
1.9945,-0.100711
1.995,-0.375256
1.9955,-0.64565
1.996,-0.854946
1.9965,-0.956542
1.997,-0.924436
1.9975,-0.758843
1.998,-0.486648
1.9985,-0.155797
1.999,0.174688
1.9995,0.447035
